date,equity,cash,mtm_pnl,n_open,drawdown,dd_scale,open_pairs
2018-01-02,100000.0,100000.0,0.0,0,0.0,1.0,
2018-01-03,100000.0,100000.0,0.0,0,0.0,1.0,
2018-01-04,100000.0,100000.0,0.0,0,0.0,1.0,
2018-01-05,100000.0,100000.0,0.0,0,0.0,1.0,
2018-01-08,100000.0,100000.0,0.0,0,0.0,1.0,
2018-01-09,100000.0,100000.0,0.0,0,0.0,1.0,
2018-01-10,100000.0,100000.0,0.0,0,0.0,1.0,
2018-01-11,100000.0,100000.0,0.0,0,0.0,1.0,
2018-01-12,100000.0,100000.0,0.0,0,0.0,1.0,
2018-01-16,100000.0,100000.0,0.0,0,0.0,1.0,
2018-01-17,100000.0,100000.0,0.0,0,0.0,1.0,
2018-01-18,100000.0,100000.0,0.0,0,0.0,1.0,
2018-01-19,100000.0,100000.0,0.0,0,0.0,1.0,
2018-01-22,100000.0,100000.0,0.0,0,0.0,1.0,
2018-01-23,100000.0,100000.0,0.0,0,0.0,1.0,
2018-01-24,100000.0,100000.0,0.0,0,0.0,1.0,
2018-01-25,100000.0,100000.0,0.0,0,0.0,1.0,
2018-01-26,100000.0,100000.0,0.0,0,0.0,1.0,
2018-01-29,100000.0,100000.0,0.0,0,0.0,1.0,
2018-01-30,100000.0,100000.0,0.0,0,0.0,1.0,
2018-01-31,100000.0,100000.0,0.0,0,0.0,1.0,
2018-02-01,100000.0,100000.0,0.0,0,0.0,1.0,
2018-02-02,100000.0,100000.0,0.0,0,0.0,1.0,
2018-02-05,100000.0,100000.0,0.0,0,0.0,1.0,
2018-02-06,100000.0,100000.0,0.0,0,0.0,1.0,
2018-02-07,100000.0,100000.0,0.0,0,0.0,1.0,
2018-02-08,100000.0,100000.0,0.0,0,0.0,1.0,
2018-02-09,100000.0,100000.0,0.0,0,0.0,1.0,
2018-02-12,100000.0,100000.0,0.0,0,0.0,1.0,
2018-02-13,100000.0,100000.0,0.0,0,0.0,1.0,
2018-02-14,100000.0,100000.0,0.0,0,0.0,1.0,
2018-02-15,100000.0,100000.0,0.0,0,0.0,1.0,
2018-02-16,100000.0,100000.0,0.0,0,0.0,1.0,
2018-02-20,100000.0,100000.0,0.0,0,0.0,1.0,
2018-02-21,100000.0,100000.0,0.0,0,0.0,1.0,
2018-02-22,100000.0,100000.0,0.0,0,0.0,1.0,
2018-02-23,100000.0,100000.0,0.0,0,0.0,1.0,
2018-02-26,100000.0,100000.0,0.0,0,0.0,1.0,
2018-02-27,100000.0,100000.0,0.0,0,0.0,1.0,
2018-02-28,100000.0,100000.0,0.0,0,0.0,1.0,
2018-03-01,100000.0,100000.0,0.0,0,0.0,1.0,
2018-03-02,100000.0,100000.0,0.0,0,0.0,1.0,
2018-03-05,100000.0,100000.0,0.0,0,0.0,1.0,
2018-03-06,100000.0,100000.0,0.0,0,0.0,1.0,
2018-03-07,99741.59,99944.82,-203.23,1,0.258,1.0,AME/ITW
2018-03-08,99189.04,99944.82,-755.78,1,0.811,1.0,AME/ITW
2018-03-09,98655.75,99944.82,-1289.08,1,1.344,1.0,AME/ITW
2018-03-12,98795.25,99944.82,-1149.57,1,1.205,1.0,AME/ITW
2018-03-13,98638.14,99944.82,-1306.68,1,1.362,1.0,AME/ITW
2018-03-14,98634.88,99912.02,-1277.14,2,1.365,1.0,AME/ITW|BAC/FITB
2018-03-15,98422.77,99912.02,-1489.25,2,1.577,1.0,AME/ITW|BAC/FITB
2018-03-16,98121.5,98401.4,-279.91,2,1.879,1.0,BAC/FITB|PNC/FITB
2018-03-19,98255.31,98401.4,-146.09,2,1.745,1.0,BAC/FITB|PNC/FITB
2018-03-20,98119.05,98361.08,-242.03,3,1.881,1.0,BAC/FITB|PNC/FITB|XEL/WEC
2018-03-21,98049.78,98361.08,-311.3,3,1.95,1.0,BAC/FITB|PNC/FITB|XEL/WEC
2018-03-22,98805.8,98361.08,444.72,3,1.194,1.0,BAC/FITB|PNC/FITB|XEL/WEC
2018-03-23,99690.86,98361.08,1329.78,3,0.309,1.0,BAC/FITB|PNC/FITB|XEL/WEC
2018-03-26,98894.63,98361.08,533.56,3,1.105,1.0,BAC/FITB|PNC/FITB|XEL/WEC
2018-03-27,98846.64,99050.78,-204.14,1,1.153,1.0,XEL/WEC
2018-03-28,98743.63,99050.78,-307.15,1,1.256,1.0,XEL/WEC
2018-03-29,98702.63,98702.63,0.0,0,1.297,1.0,
2018-04-02,98702.63,98702.63,0.0,0,1.297,1.0,
2018-04-03,98845.3,98667.44,177.86,1,1.155,1.0,ETN/PH
2018-04-04,98893.15,98667.44,225.71,1,1.107,1.0,ETN/PH
2018-04-05,98893.32,98640.78,252.54,2,1.107,1.0,ETN/PH|PHM/MHO
2018-04-06,99451.7,98640.78,810.93,2,0.548,1.0,ETN/PH|PHM/MHO
2018-04-09,99592.42,98640.78,951.64,2,0.408,1.0,ETN/PH|PHM/MHO
2018-04-10,99902.69,98640.78,1261.91,2,0.097,1.0,ETN/PH|PHM/MHO
2018-04-11,99730.6,98640.78,1089.83,2,0.269,1.0,ETN/PH|PHM/MHO
2018-04-12,99816.04,99107.83,708.21,1,0.184,1.0,PHM/MHO
2018-04-13,99689.51,99107.83,581.68,1,0.31,1.0,PHM/MHO
2018-04-16,99661.01,99107.83,553.18,1,0.339,1.0,PHM/MHO
2018-04-17,99710.76,99107.83,602.92,1,0.289,1.0,PHM/MHO
2018-04-18,99684.11,99107.83,576.27,1,0.316,1.0,PHM/MHO
2018-04-19,100114.35,99107.83,1006.52,1,0.0,1.0,PHM/MHO
2018-04-20,100140.58,99107.83,1032.75,1,0.0,1.0,PHM/MHO
2018-04-23,99980.39,99051.87,928.52,3,0.16,1.0,PHM/MHO|BAC/PNC|PNC/FITB
2018-04-24,99724.6,99022.82,701.78,4,0.415,1.0,PHM/MHO|BAC/PNC|PNC/FITB|BAC/FITB
2018-04-25,99267.13,99022.82,244.31,4,0.872,1.0,PHM/MHO|BAC/PNC|PNC/FITB|BAC/FITB
2018-04-26,101469.68,98311.5,3158.19,3,0.0,1.0,BAC/PNC|BAC/FITB|AME/ITW
2018-04-27,101183.11,98311.5,2871.61,3,0.282,1.0,BAC/PNC|BAC/FITB|AME/ITW
2018-04-30,101903.0,98248.68,3654.32,5,0.0,1.0,BAC/PNC|BAC/FITB|AME/ITW|KBH/MHO|PHM/KBH
2018-05-01,101246.05,98248.68,2997.37,5,0.645,1.0,BAC/PNC|BAC/FITB|AME/ITW|KBH/MHO|PHM/KBH
2018-05-02,102252.78,98248.68,4004.1,5,0.0,1.0,BAC/PNC|BAC/FITB|AME/ITW|KBH/MHO|PHM/KBH
2018-05-03,102243.92,98234.18,4009.74,6,0.009,1.0,BAC/PNC|BAC/FITB|AME/ITW|KBH/MHO|PHM/KBH|PHM/MHO
2018-05-04,101975.51,98234.18,3741.33,6,0.271,1.0,BAC/PNC|BAC/FITB|AME/ITW|KBH/MHO|PHM/KBH|PHM/MHO
2018-05-07,102027.38,98234.18,3793.19,6,0.22,1.0,BAC/PNC|BAC/FITB|AME/ITW|KBH/MHO|PHM/KBH|PHM/MHO
2018-05-08,101548.43,99944.15,1604.29,5,0.689,1.0,BAC/PNC|BAC/FITB|KBH/MHO|PHM/KBH|PHM/MHO
2018-05-09,101723.78,101395.5,328.28,3,0.517,1.0,BAC/FITB|PHM/KBH|PHM/MHO
2018-05-10,101352.07,101395.5,-43.43,3,0.881,1.0,BAC/FITB|PHM/KBH|PHM/MHO
2018-05-11,101040.35,101395.5,-355.15,3,1.186,1.0,BAC/FITB|PHM/KBH|PHM/MHO
2018-05-14,101468.42,101395.5,72.91,3,0.767,1.0,BAC/FITB|PHM/KBH|PHM/MHO
2018-05-15,103730.66,101395.5,2335.16,3,0.0,1.0,BAC/FITB|PHM/KBH|PHM/MHO
2018-05-16,103517.95,101576.74,1941.21,2,0.205,1.0,PHM/KBH|PHM/MHO
2018-05-17,103366.81,102446.82,919.98,1,0.351,1.0,PHM/MHO
2018-05-18,103117.02,103297.04,-180.03,1,0.592,1.0,DHI/LEN
2018-05-21,102885.58,103297.04,-411.47,1,0.815,1.0,DHI/LEN
2018-05-22,103283.74,103297.04,-13.3,1,0.431,1.0,DHI/LEN
2018-05-23,103131.12,103297.04,-165.92,1,0.578,1.0,DHI/LEN
2018-05-24,103403.37,103297.04,106.32,1,0.316,1.0,DHI/LEN
2018-05-25,102410.35,103212.54,-802.18,2,1.273,1.0,DHI/LEN|AME/ITW
2018-05-29,103766.77,103212.54,554.23,2,0.0,1.0,DHI/LEN|AME/ITW
2018-05-30,102898.06,103144.55,-246.49,3,0.837,1.0,DHI/LEN|AME/ITW|ETN/PH
2018-05-31,104561.1,103144.55,1416.55,3,0.0,1.0,DHI/LEN|AME/ITW|ETN/PH
2018-06-01,103057.86,103144.55,-86.69,3,1.438,1.0,DHI/LEN|AME/ITW|ETN/PH
2018-06-04,103379.29,103144.55,234.74,3,1.13,1.0,DHI/LEN|AME/ITW|ETN/PH
2018-06-05,104235.4,103144.55,1090.85,3,0.311,1.0,DHI/LEN|AME/ITW|ETN/PH
2018-06-06,104058.47,103706.32,352.14,2,0.481,1.0,DHI/LEN|ETN/PH
2018-06-07,103660.61,103573.42,87.19,1,0.861,1.0,ETN/PH
2018-06-08,103590.99,103590.99,0.0,0,0.928,1.0,
2018-06-11,103590.99,103590.99,0.0,0,0.928,1.0,
2018-06-12,103590.99,103590.99,0.0,0,0.928,1.0,
2018-06-13,103590.99,103590.99,0.0,0,0.928,1.0,
2018-06-14,103590.99,103590.99,0.0,0,0.928,1.0,
2018-06-15,103379.36,103551.63,-172.27,1,1.13,1.0,PHM/KBH
2018-06-18,103218.32,103551.63,-333.31,1,1.284,1.0,PHM/KBH
2018-06-19,102931.13,103551.63,-620.5,1,1.559,1.0,PHM/KBH
2018-06-20,101955.51,103442.9,-1487.39,3,2.492,1.0,PHM/KBH|BAC/PNC|PNC/FITB
2018-06-21,102032.64,103407.91,-1375.27,4,2.418,1.0,PHM/KBH|BAC/PNC|PNC/FITB|BAC/FITB
2018-06-22,101270.15,103304.52,-2034.37,2,3.147,1.0,PHM/KBH|BAC/PNC
2018-06-25,101513.61,103304.52,-1790.9,2,2.915,1.0,PHM/KBH|BAC/PNC
2018-06-26,100734.96,103304.52,-2569.56,2,3.659,1.0,PHM/KBH|BAC/PNC
2018-06-27,100106.08,103304.52,-3198.44,2,4.261,1.0,PHM/KBH|BAC/PNC
2018-06-28,99741.15,103304.52,-3563.37,2,4.61,1.0,PHM/KBH|BAC/PNC
2018-06-29,98677.83,103304.52,-4626.69,2,5.627,1.0,PHM/KBH|BAC/PNC
2018-07-02,100054.3,103304.52,-3250.22,2,4.31,1.0,PHM/KBH|BAC/PNC
2018-07-03,99276.83,103304.52,-4027.69,2,5.054,1.0,PHM/KBH|BAC/PNC
2018-07-05,99920.67,103304.52,-3383.84,2,4.438,1.0,PHM/KBH|BAC/PNC
2018-07-06,100003.55,102032.63,-2029.08,1,4.359,1.0,BAC/PNC
2018-07-09,100619.32,102032.63,-1413.31,1,3.77,1.0,BAC/PNC
2018-07-10,100536.06,100536.06,0.0,0,3.849,1.0,
2018-07-11,100536.06,100536.06,0.0,0,3.849,1.0,
2018-07-12,99994.61,100481.66,-487.05,2,4.367,1.0,DHI/LEN|PHM/KBH
2018-07-13,100126.15,100481.66,-355.51,2,4.241,1.0,DHI/LEN|PHM/KBH
2018-07-16,99587.2,100481.66,-894.46,2,4.757,1.0,DHI/LEN|PHM/KBH
2018-07-17,98912.47,100481.66,-1569.19,2,5.402,1.0,DHI/LEN|PHM/KBH
2018-07-18,98658.44,100481.66,-1823.22,2,5.645,1.0,DHI/LEN|PHM/KBH
2018-07-19,98458.0,100481.66,-2023.66,2,5.837,1.0,DHI/LEN|PHM/KBH
2018-07-20,97600.85,100370.27,-2769.42,3,6.657,0.891,DHI/LEN|PHM/KBH|BAC/PNC
2018-07-23,97248.33,100370.27,-3121.95,3,6.994,0.834,DHI/LEN|PHM/KBH|BAC/PNC
2018-07-24,97750.35,98588.42,-838.07,5,6.514,0.914,DHI/LEN|PHM/KBH|BAC/FITB|AME/ITW|PNC/FITB
2018-07-25,97908.8,98588.42,-679.62,5,6.362,0.94,DHI/LEN|PHM/KBH|BAC/FITB|AME/ITW|PNC/FITB
2018-07-26,97971.86,98786.22,-814.35,4,6.302,0.95,PHM/KBH|BAC/FITB|AME/ITW|PNC/FITB
2018-07-27,98089.13,98786.22,-697.09,4,6.19,0.968,PHM/KBH|BAC/FITB|AME/ITW|PNC/FITB
2018-07-30,97978.73,98786.22,-807.48,4,6.295,0.951,PHM/KBH|BAC/FITB|AME/ITW|PNC/FITB
2018-07-31,97653.85,98740.16,-1086.31,5,6.606,0.899,PHM/KBH|BAC/FITB|AME/ITW|PNC/FITB|XEL/WEC
2018-08-01,97562.13,98710.44,-1148.31,4,6.694,0.884,PHM/KBH|AME/ITW|PNC/FITB|XEL/WEC
2018-08-02,97572.69,98710.44,-1137.75,4,6.684,0.886,PHM/KBH|AME/ITW|PNC/FITB|XEL/WEC
2018-08-03,97555.73,98710.44,-1154.72,4,6.7,0.883,PHM/KBH|AME/ITW|PNC/FITB|XEL/WEC
2018-08-06,97609.12,98710.44,-1101.32,4,6.649,0.892,PHM/KBH|AME/ITW|PNC/FITB|XEL/WEC
2018-08-07,97323.75,98310.48,-986.73,3,6.922,0.846,AME/ITW|PNC/FITB|XEL/WEC
2018-08-08,97271.28,98310.48,-1039.21,3,6.972,0.838,AME/ITW|PNC/FITB|XEL/WEC
2018-08-09,97287.98,98310.48,-1022.51,3,6.956,0.841,AME/ITW|PNC/FITB|XEL/WEC
2018-08-10,97159.53,98192.73,-1033.2,2,7.079,0.82,AME/ITW|XEL/WEC
2018-08-13,97030.71,98192.73,-1162.02,2,7.202,0.8,AME/ITW|XEL/WEC
2018-08-14,97142.8,98192.73,-1049.94,2,7.095,0.818,AME/ITW|XEL/WEC
2018-08-15,97338.92,98192.73,-853.81,2,6.907,0.849,AME/ITW|XEL/WEC
2018-08-16,97187.55,97608.79,-421.24,1,7.052,0.825,AME/ITW
2018-08-17,97160.88,97160.88,0.0,0,7.077,0.82,
2018-08-20,97160.88,97160.88,0.0,0,7.077,0.82,
2018-08-21,97160.88,97160.88,0.0,0,7.077,0.82,
2018-08-22,97109.53,97143.62,-34.09,1,7.127,0.812,PNC/FITB
2018-08-23,96991.25,97143.62,-152.37,1,7.24,0.793,PNC/FITB
2018-08-24,96965.21,97114.45,-149.24,2,7.265,0.789,PNC/FITB|XEL/WEC
2018-08-27,97211.14,97114.45,96.68,2,7.029,0.828,PNC/FITB|XEL/WEC
2018-08-28,97196.31,97114.45,81.86,2,7.044,0.826,PNC/FITB|XEL/WEC
2018-08-29,97163.78,97114.45,49.33,2,7.075,0.821,PNC/FITB|XEL/WEC
2018-08-30,96953.37,97114.45,-161.09,2,7.276,0.787,PNC/FITB|XEL/WEC
2018-08-31,96951.15,97114.45,-163.31,2,7.278,0.787,PNC/FITB|XEL/WEC
2018-09-04,96980.21,97114.45,-134.25,2,7.25,0.792,PNC/FITB|XEL/WEC
2018-09-05,96921.27,97114.45,-193.18,2,7.307,0.782,PNC/FITB|XEL/WEC
2018-09-06,96909.98,97114.45,-204.47,2,7.317,0.78,PNC/FITB|XEL/WEC
2018-09-07,96913.79,97114.45,-200.67,2,7.314,0.781,PNC/FITB|XEL/WEC
2018-09-10,96867.06,96867.06,0.0,0,7.358,0.774,
2018-09-11,96867.06,96867.06,0.0,0,7.358,0.774,
2018-09-12,96867.06,96867.06,0.0,0,7.358,0.774,
2018-09-13,97004.95,96850.77,154.18,1,7.227,0.796,KBH/MHO
2018-09-14,96713.04,96850.77,-137.73,1,7.506,0.749,KBH/MHO
2018-09-17,97002.43,96850.77,151.66,1,7.229,0.795,KBH/MHO
2018-09-18,96700.47,96850.77,-150.3,1,7.518,0.747,KBH/MHO
2018-09-19,96699.14,96850.77,-151.63,1,7.519,0.747,KBH/MHO
2018-09-20,97245.45,96834.44,411.01,2,6.997,0.834,KBH/MHO|PNC/FITB
2018-09-21,97175.84,96823.45,352.39,3,7.063,0.823,KBH/MHO|PNC/FITB|PHM/KBH
2018-09-24,97163.12,96823.45,339.67,3,7.075,0.821,KBH/MHO|PNC/FITB|PHM/KBH
2018-09-25,97174.25,96823.45,350.8,3,7.065,0.823,KBH/MHO|PNC/FITB|PHM/KBH
2018-09-26,97739.7,96823.45,916.25,3,6.524,0.913,KBH/MHO|PNC/FITB|PHM/KBH
2018-09-27,98408.39,96823.45,1584.94,3,5.884,1.0,KBH/MHO|PNC/FITB|PHM/KBH
2018-09-28,98350.02,96823.45,1526.57,3,5.94,1.0,KBH/MHO|PNC/FITB|PHM/KBH
2018-10-01,98308.63,98692.91,-384.28,1,5.98,1.0,PNC/FITB
2018-10-02,98322.1,98692.91,-370.8,1,5.967,1.0,PNC/FITB
2018-10-03,98057.15,98261.76,-204.6,1,6.22,0.963,PHM/MHO
2018-10-04,98540.33,98261.76,278.57,1,5.758,1.0,PHM/MHO
2018-10-05,98668.9,98261.76,407.14,1,5.635,1.0,PHM/MHO
2018-10-08,98520.46,98261.76,258.7,1,5.777,1.0,PHM/MHO
2018-10-09,98603.58,98261.76,341.83,1,5.698,1.0,PHM/MHO
2018-10-10,98576.17,98226.76,349.41,2,5.724,1.0,PHM/MHO|ETN/PH
2018-10-11,98717.8,98226.76,491.04,2,5.588,1.0,PHM/MHO|ETN/PH
2018-10-12,98900.6,98226.76,673.84,2,5.414,1.0,PHM/MHO|ETN/PH
2018-10-15,99014.01,98293.59,720.42,1,5.305,1.0,PHM/MHO
2018-10-16,98338.59,98269.82,68.77,2,5.951,1.0,PHM/MHO|PNC/FITB
2018-10-17,98627.87,98291.07,336.8,1,5.674,1.0,PNC/FITB
2018-10-18,98285.49,98291.07,-5.58,1,6.002,1.0,PNC/FITB
2018-10-19,98441.08,98291.07,150.01,1,5.853,1.0,PNC/FITB
2018-10-22,98075.13,98291.07,-215.93,1,6.203,0.966,PNC/FITB
2018-10-23,97781.54,98291.07,-509.52,1,6.484,0.919,PNC/FITB
2018-10-24,97475.87,98291.07,-815.2,1,6.776,0.871,PNC/FITB
2018-10-25,97707.09,98291.07,-583.98,1,6.555,0.907,PNC/FITB
2018-10-26,97682.23,98291.07,-608.84,1,6.579,0.904,PNC/FITB
2018-10-29,97935.8,98291.07,-355.27,1,6.336,0.944,PNC/FITB
2018-10-30,98278.22,98291.07,-12.84,1,6.009,0.999,PNC/FITB
2018-10-31,98808.43,98291.07,517.36,1,5.502,1.0,PNC/FITB
2018-11-01,98973.16,98291.07,682.1,1,5.344,1.0,PNC/FITB
2018-11-02,98943.35,98291.07,652.29,1,5.373,1.0,PNC/FITB
2018-11-05,98918.68,98918.68,0.0,0,5.396,1.0,
2018-11-06,98918.68,98918.68,0.0,0,5.396,1.0,
2018-11-07,98918.68,98918.68,0.0,0,5.396,1.0,
2018-11-08,98918.68,98918.68,0.0,0,5.396,1.0,
2018-11-09,99202.23,98888.98,313.25,1,5.125,1.0,BAC/FITB
2018-11-12,99568.33,98888.98,679.34,1,4.775,1.0,BAC/FITB
2018-11-13,99582.0,98888.98,693.02,1,4.762,1.0,BAC/FITB
2018-11-14,99837.59,98856.71,980.88,2,4.517,1.0,BAC/FITB|ETN/PH
2018-11-15,99447.17,98856.71,590.45,2,4.891,1.0,BAC/FITB|ETN/PH
2018-11-16,99505.28,98856.71,648.57,2,4.835,1.0,BAC/FITB|ETN/PH
2018-11-19,99384.26,98856.71,527.55,2,4.951,1.0,BAC/FITB|ETN/PH
2018-11-20,99250.81,98856.71,394.09,2,5.079,1.0,BAC/FITB|ETN/PH
2018-11-21,98969.33,98832.7,136.63,3,5.348,1.0,BAC/FITB|ETN/PH|PHM/MHO
2018-11-23,98781.09,99454.61,-673.52,2,5.528,1.0,ETN/PH|PHM/MHO
2018-11-26,98401.37,99454.61,-1053.24,2,5.891,1.0,ETN/PH|PHM/MHO
2018-11-27,97986.49,99454.61,-1468.12,2,6.288,0.952,ETN/PH|PHM/MHO
2018-11-28,97943.13,99454.61,-1511.48,2,6.329,0.945,ETN/PH|PHM/MHO
2018-11-29,97994.65,99454.61,-1459.96,2,6.28,0.953,ETN/PH|PHM/MHO
2018-11-30,97853.52,99416.04,-1562.53,4,6.415,0.931,ETN/PH|PHM/MHO|AME/ITW|PNC/FITB
2018-12-03,96988.24,99416.04,-2427.81,4,7.243,0.793,ETN/PH|PHM/MHO|AME/ITW|PNC/FITB
2018-12-04,99239.45,98797.61,441.85,3,5.09,1.0,PHM/MHO|AME/ITW|PNC/FITB
2018-12-06,98771.21,98797.61,-26.4,3,5.537,1.0,PHM/MHO|AME/ITW|PNC/FITB
2018-12-07,99599.98,98797.61,802.37,3,4.745,1.0,PHM/MHO|AME/ITW|PNC/FITB
2018-12-10,99922.91,98292.63,1630.29,2,4.436,1.0,AME/ITW|PNC/FITB
2018-12-11,100156.12,98292.63,1863.49,2,4.213,1.0,AME/ITW|PNC/FITB
2018-12-12,99697.94,98292.63,1405.31,2,4.651,1.0,AME/ITW|PNC/FITB
2018-12-13,99905.02,99649.27,255.76,1,4.453,1.0,AME/ITW
2018-12-14,99884.93,99884.93,0.0,0,4.472,1.0,
2018-12-17,99884.93,99884.93,0.0,0,4.472,1.0,
2018-12-18,99884.93,99884.93,0.0,0,4.472,1.0,
2018-12-19,99884.93,99884.93,0.0,0,4.472,1.0,
2018-12-20,99884.93,99884.93,0.0,0,4.472,1.0,
2018-12-21,99884.93,99884.93,0.0,0,4.472,1.0,
2018-12-24,99884.93,99884.93,0.0,0,4.472,1.0,
2018-12-26,99884.93,99884.93,0.0,0,4.472,1.0,
2018-12-27,99884.93,99884.93,0.0,0,4.472,1.0,
2018-12-28,99884.93,99884.93,0.0,0,4.472,1.0,
2018-12-31,99884.93,99884.93,0.0,0,4.472,1.0,
2019-01-02,99884.93,99884.93,0.0,0,4.472,1.0,
2019-01-03,99884.93,99884.93,0.0,0,4.472,1.0,
2019-01-04,99884.93,99884.93,0.0,0,4.472,1.0,
2019-01-07,99884.93,99884.93,0.0,0,4.472,1.0,
2019-01-08,99884.93,99884.93,0.0,0,4.472,1.0,
2019-01-09,99884.93,99884.93,0.0,0,4.472,1.0,
2019-01-10,100208.83,99853.29,355.54,1,4.162,1.0,PHM/KBH
2019-01-11,100089.59,99853.29,236.3,1,4.276,1.0,PHM/KBH
2019-01-14,99982.02,99853.29,128.72,1,4.379,1.0,PHM/KBH
2019-01-15,100012.18,99853.29,158.88,1,4.35,1.0,PHM/KBH
2019-01-16,99606.22,99832.07,-225.85,2,4.739,1.0,PHM/KBH|PNC/FITB
2019-01-17,99125.43,99832.07,-706.64,2,5.199,1.0,PHM/KBH|PNC/FITB
2019-01-18,98648.78,99832.07,-1183.29,2,5.654,1.0,PHM/KBH|PNC/FITB
2019-01-22,99097.58,99832.07,-734.49,2,5.225,1.0,PHM/KBH|PNC/FITB
2019-01-23,99145.02,99832.07,-687.05,2,5.18,1.0,PHM/KBH|PNC/FITB
2019-01-24,98925.6,99832.07,-906.47,2,5.39,1.0,PHM/KBH|PNC/FITB
2019-01-25,99156.36,99832.07,-675.71,2,5.169,1.0,PHM/KBH|PNC/FITB
2019-01-28,99217.35,99832.07,-614.72,2,5.111,1.0,PHM/KBH|PNC/FITB
2019-01-29,99202.38,99832.07,-629.69,2,5.125,1.0,PHM/KBH|PNC/FITB
2019-01-30,99239.43,99630.52,-391.1,1,5.09,1.0,PNC/FITB
2019-01-31,99372.54,99630.52,-257.98,1,4.962,1.0,PNC/FITB
2019-02-01,99368.04,99630.52,-262.49,1,4.967,1.0,PNC/FITB
2019-02-04,99097.78,99630.52,-532.74,1,5.225,1.0,PNC/FITB
2019-02-05,99324.73,99630.52,-305.79,1,5.008,1.0,PNC/FITB
2019-02-06,99372.19,99630.52,-258.34,1,4.963,1.0,PNC/FITB
2019-02-07,100018.22,99526.49,491.73,3,4.345,1.0,PNC/FITB|PHM/KBH|ETN/PH
2019-02-08,100318.71,99526.49,792.21,3,4.057,1.0,PNC/FITB|PHM/KBH|ETN/PH
2019-02-11,99668.04,99526.49,141.55,3,4.68,1.0,PNC/FITB|PHM/KBH|ETN/PH
2019-02-12,97222.5,99526.49,-2303.99,3,7.018,0.83,PNC/FITB|PHM/KBH|ETN/PH
2019-02-13,96966.78,99196.05,-2229.27,2,7.263,0.789,PHM/KBH|ETN/PH
2019-02-14,97907.29,99196.05,-1288.76,2,6.364,0.939,PHM/KBH|ETN/PH
2019-02-15,96468.94,99196.05,-2727.11,2,7.739,0.71,PHM/KBH|ETN/PH
2019-02-19,96737.17,96365.87,371.3,3,7.483,0.753,PHM/KBH|BAC/FITB|AME/ITW
2019-02-20,96703.63,96365.87,337.75,3,7.515,0.748,PHM/KBH|BAC/FITB|AME/ITW
2019-02-21,96570.14,96365.87,204.27,3,7.642,0.726,PHM/KBH|BAC/FITB|AME/ITW
2019-02-22,96164.85,96365.87,-201.02,3,8.03,0.662,PHM/KBH|BAC/FITB|AME/ITW
2019-02-25,96252.75,96365.87,-113.13,3,7.946,0.676,PHM/KBH|BAC/FITB|AME/ITW
2019-02-26,96209.37,96365.87,-156.51,3,7.987,0.669,PHM/KBH|BAC/FITB|AME/ITW
2019-02-27,96346.93,96365.87,-18.95,3,7.856,0.691,PHM/KBH|BAC/FITB|AME/ITW
2019-02-28,96601.34,96365.87,235.46,3,7.613,0.731,PHM/KBH|BAC/FITB|AME/ITW
2019-03-01,96613.3,96442.92,170.38,2,7.601,0.733,PHM/KBH|BAC/FITB
2019-03-04,96648.93,96615.33,33.6,1,7.567,0.739,BAC/FITB
2019-03-05,96636.33,96615.33,21.0,1,7.579,0.737,BAC/FITB
2019-03-06,96793.16,96606.03,187.12,2,7.429,0.762,BAC/FITB|KBH/MHO
2019-03-07,96318.72,96606.03,-287.32,2,7.883,0.686,BAC/FITB|KBH/MHO
2019-03-08,96048.93,96606.03,-557.1,2,8.141,0.643,BAC/FITB|KBH/MHO
2019-03-11,95579.44,96606.03,-1026.6,2,8.59,0.568,BAC/FITB|KBH/MHO
2019-03-12,95877.38,96606.03,-728.65,2,8.305,0.616,BAC/FITB|KBH/MHO
2019-03-13,95950.85,96606.03,-655.18,2,8.235,0.628,BAC/FITB|KBH/MHO
2019-03-14,96040.22,96563.42,-523.2,4,8.149,0.642,BAC/FITB|KBH/MHO|XEL/WEC|PNC/FITB
2019-03-15,96014.2,96563.42,-549.22,4,8.174,0.638,BAC/FITB|KBH/MHO|XEL/WEC|PNC/FITB
2019-03-18,95786.03,96068.63,-282.6,3,8.392,0.601,BAC/FITB|XEL/WEC|PNC/FITB
2019-03-19,95711.98,96054.88,-342.89,4,8.463,0.589,BAC/FITB|XEL/WEC|PNC/FITB|PHM/MHO
2019-03-20,95886.13,96054.88,-168.75,4,8.297,0.617,BAC/FITB|XEL/WEC|PNC/FITB|PHM/MHO
2019-03-21,95949.74,96054.88,-105.14,4,8.236,0.627,BAC/FITB|XEL/WEC|PNC/FITB|PHM/MHO
2019-03-22,96579.58,95830.86,748.72,3,7.633,0.728,BAC/FITB|PNC/FITB|PHM/MHO
2019-03-25,96756.33,95830.86,925.47,3,7.464,0.756,BAC/FITB|PNC/FITB|PHM/MHO
2019-03-26,96865.64,96577.95,287.69,2,7.36,0.773,BAC/FITB|PHM/MHO
2019-03-27,97319.98,96637.14,682.84,1,6.925,0.846,PHM/MHO
2019-03-28,97194.46,96637.14,557.32,1,7.045,0.826,PHM/MHO
2019-03-29,97105.31,96637.14,468.17,1,7.131,0.812,PHM/MHO
2019-04-01,97072.45,96637.14,435.31,1,7.162,0.806,PHM/MHO
2019-04-02,97028.37,96637.14,391.23,1,7.204,0.799,PHM/MHO
2019-04-03,97057.71,96637.14,420.57,1,7.176,0.804,PHM/MHO
2019-04-04,97331.06,96637.14,693.92,1,6.915,0.848,PHM/MHO
2019-04-05,97415.23,96637.14,778.09,1,6.834,0.861,PHM/MHO
2019-04-08,97340.22,96637.14,703.08,1,6.906,0.849,PHM/MHO
2019-04-09,97255.26,96637.14,618.12,1,6.987,0.835,PHM/MHO
2019-04-10,97338.3,96637.14,701.16,1,6.908,0.849,PHM/MHO
2019-04-11,97470.12,96637.14,832.98,1,6.782,0.87,PHM/MHO
2019-04-12,97508.29,96637.14,871.15,1,6.745,0.876,PHM/MHO
2019-04-15,97560.73,96637.14,923.59,1,6.695,0.884,PHM/MHO
2019-04-16,97659.24,96637.14,1022.1,1,6.601,0.9,PHM/MHO
2019-04-17,97757.95,96637.14,1120.81,1,6.506,0.916,PHM/MHO
2019-04-18,97863.55,96637.14,1226.41,1,6.405,0.932,PHM/MHO
2019-04-22,97878.22,96637.14,1241.08,1,6.391,0.935,PHM/MHO
2019-04-23,98362.22,96538.48,1823.75,4,5.928,1.0,PHM/MHO|DHI/LEN|PHM/KBH|PNC/FITB
2019-04-24,98533.15,98176.08,357.07,3,5.765,1.0,DHI/LEN|PHM/KBH|PNC/FITB
2019-04-25,98531.0,98176.08,354.92,3,5.767,1.0,DHI/LEN|PHM/KBH|PNC/FITB
2019-04-26,98214.19,98176.08,38.1,3,6.07,0.988,DHI/LEN|PHM/KBH|PNC/FITB
2019-04-29,97885.84,98140.11,-254.27,4,6.384,0.936,DHI/LEN|PHM/KBH|PNC/FITB|XEL/WEC
2019-04-30,98119.28,98140.11,-20.83,4,6.161,0.973,DHI/LEN|PHM/KBH|PNC/FITB|XEL/WEC
2019-05-01,98025.65,98140.11,-114.46,4,6.25,0.958,DHI/LEN|PHM/KBH|PNC/FITB|XEL/WEC
2019-05-02,97766.82,98140.11,-373.29,4,6.498,0.917,DHI/LEN|PHM/KBH|PNC/FITB|XEL/WEC
2019-05-03,97857.4,98097.28,-239.88,3,6.411,0.931,DHI/LEN|PHM/KBH|PNC/FITB
2019-05-06,97677.73,97382.3,295.43,2,6.583,0.903,PHM/KBH|PNC/FITB
2019-05-07,97551.46,97382.3,169.15,2,6.704,0.883,PHM/KBH|PNC/FITB
2019-05-08,97659.38,97355.03,304.35,3,6.601,0.9,PHM/KBH|PNC/FITB|PHM/MHO
2019-05-09,97455.89,97355.03,100.85,3,6.795,0.867,PHM/KBH|PNC/FITB|PHM/MHO
2019-05-10,97191.84,97055.33,136.52,2,7.048,0.825,PHM/KBH|PHM/MHO
2019-05-13,97376.56,97123.77,252.79,2,6.871,0.855,PHM/MHO|AME/ITW
2019-05-14,97163.86,97123.77,40.08,2,7.075,0.821,PHM/MHO|AME/ITW
2019-05-15,97193.06,97123.77,69.28,2,7.047,0.826,PHM/MHO|AME/ITW
2019-05-16,97116.5,97123.77,-7.27,2,7.12,0.813,PHM/MHO|AME/ITW
2019-05-17,96853.18,97123.77,-270.59,2,7.372,0.771,PHM/MHO|AME/ITW
2019-05-20,96871.44,97123.77,-252.34,2,7.354,0.774,PHM/MHO|AME/ITW
2019-05-21,96784.74,97026.31,-241.57,1,7.437,0.76,PHM/MHO
2019-05-22,96716.39,97026.31,-309.91,1,7.503,0.75,PHM/MHO
2019-05-23,96756.61,97026.31,-269.69,1,7.464,0.756,PHM/MHO
2019-05-24,96712.47,97026.31,-313.84,1,7.506,0.749,PHM/MHO
2019-05-28,96922.49,97026.31,-103.81,1,7.305,0.782,PHM/MHO
2019-05-29,96988.75,97026.31,-37.56,1,7.242,0.793,PHM/MHO
2019-05-30,96771.69,97026.31,-254.62,1,7.45,0.758,PHM/MHO
2019-05-31,96898.3,97026.31,-128.0,1,7.329,0.779,PHM/MHO
2019-06-03,96862.39,97026.31,-163.92,1,7.363,0.773,PHM/MHO
2019-06-04,96835.06,96835.06,0.0,0,7.389,0.768,
2019-06-05,96835.06,96835.06,0.0,0,7.389,0.768,
2019-06-06,96835.06,96835.06,0.0,0,7.389,0.768,
2019-06-07,96835.06,96835.06,0.0,0,7.389,0.768,
2019-06-10,96835.06,96835.06,0.0,0,7.389,0.768,
2019-06-11,96835.06,96835.06,0.0,0,7.389,0.768,
2019-06-12,96835.06,96835.06,0.0,0,7.389,0.768,
2019-06-13,96835.06,96835.06,0.0,0,7.389,0.768,
2019-06-14,96835.06,96835.06,0.0,0,7.389,0.768,
2019-06-17,96835.06,96835.06,0.0,0,7.389,0.768,
2019-06-18,96933.77,96807.85,125.92,1,7.295,0.784,PHM/MHO
2019-06-19,96676.4,96807.85,-131.45,1,7.541,0.743,PHM/MHO
2019-06-20,96702.11,96807.85,-105.73,1,7.516,0.747,PHM/MHO
2019-06-21,96862.01,96807.85,54.17,1,7.363,0.773,PHM/MHO
2019-06-24,96662.47,96791.84,-129.38,2,7.554,0.741,PHM/MHO|PHM/KBH
2019-06-25,96975.88,96791.84,184.03,2,7.254,0.791,PHM/MHO|PHM/KBH
2019-06-26,96856.04,96750.48,105.56,3,7.369,0.772,PHM/MHO|PHM/KBH|KBH/MHO
2019-06-27,96631.28,96750.48,-119.2,3,7.584,0.736,PHM/MHO|PHM/KBH|KBH/MHO
2019-06-28,96367.47,96721.33,-353.87,4,7.836,0.694,PHM/MHO|PHM/KBH|KBH/MHO|AME/ITW
2019-07-01,96332.49,96721.33,-388.84,4,7.87,0.688,PHM/MHO|PHM/KBH|KBH/MHO|AME/ITW
2019-07-02,96164.14,96281.05,-116.92,3,8.031,0.662,PHM/KBH|KBH/MHO|AME/ITW
2019-07-03,96252.11,96281.05,-28.94,3,7.947,0.676,PHM/KBH|KBH/MHO|AME/ITW
2019-07-05,96765.01,96281.05,483.95,3,7.456,0.757,PHM/KBH|KBH/MHO|AME/ITW
2019-07-08,96666.08,96281.05,385.03,3,7.551,0.742,PHM/KBH|KBH/MHO|AME/ITW
2019-07-09,96637.43,96228.38,409.05,2,7.578,0.737,KBH/MHO|AME/ITW
2019-07-10,96331.98,96801.18,-469.2,1,7.87,0.688,KBH/MHO
2019-07-11,96201.26,96801.18,-599.92,1,7.995,0.667,KBH/MHO
2019-07-12,95735.77,96801.18,-1065.4,1,8.44,0.593,KBH/MHO
2019-07-15,96013.81,96801.18,-787.37,1,8.174,0.638,KBH/MHO
2019-07-16,95968.64,95968.64,0.0,0,8.218,0.63,
2019-07-17,95968.64,95968.64,0.0,0,8.218,0.63,
2019-07-18,95968.64,95968.64,0.0,0,8.218,0.63,
2019-07-19,95968.64,95968.64,0.0,0,8.218,0.63,
2019-07-22,95968.64,95968.64,0.0,0,8.218,0.63,
2019-07-23,95968.64,95968.64,0.0,0,8.218,0.63,
2019-07-24,95808.6,95961.18,-152.59,1,8.371,0.605,DHI/LEN
2019-07-25,95740.34,95944.75,-204.41,2,8.436,0.594,DHI/LEN|PHM/KBH
2019-07-26,95820.81,95944.75,-123.94,2,8.359,0.607,DHI/LEN|PHM/KBH
2019-07-29,95977.38,95930.54,46.84,3,8.209,0.632,DHI/LEN|PHM/KBH|KBH/MHO
2019-07-30,94899.57,95921.22,-1021.64,4,9.24,0.46,DHI/LEN|PHM/KBH|KBH/MHO|PHM/MHO
2019-07-31,95677.4,95921.22,-243.82,4,8.496,0.584,DHI/LEN|PHM/KBH|KBH/MHO|PHM/MHO
2019-08-01,95028.46,95921.22,-892.76,4,9.117,0.481,DHI/LEN|PHM/KBH|KBH/MHO|PHM/MHO
2019-08-02,95578.22,96150.33,-572.11,3,8.591,0.568,DHI/LEN|KBH/MHO|PHM/MHO
2019-08-05,95879.67,95072.53,807.13,2,8.303,0.616,KBH/MHO|PHM/MHO
2019-08-06,95776.64,95072.53,704.11,2,8.401,0.6,KBH/MHO|PHM/MHO
2019-08-07,95235.24,95072.53,162.71,2,8.919,0.513,KBH/MHO|PHM/MHO
2019-08-08,94762.74,95072.53,-309.8,2,9.371,0.438,KBH/MHO|PHM/MHO
2019-08-09,95127.69,95072.53,55.16,2,9.022,0.496,KBH/MHO|PHM/MHO
2019-08-12,95344.31,95072.53,271.77,2,8.815,0.531,KBH/MHO|PHM/MHO
2019-08-13,94727.6,95072.53,-344.93,2,9.405,0.433,KBH/MHO|PHM/MHO
2019-08-14,95138.67,95072.53,66.14,2,9.011,0.498,KBH/MHO|PHM/MHO
2019-08-15,95270.34,95072.53,197.8,2,8.885,0.519,KBH/MHO|PHM/MHO
2019-08-16,94907.94,95072.53,-164.6,2,9.232,0.461,KBH/MHO|PHM/MHO
2019-08-19,94708.13,94820.52,-112.39,1,9.423,0.429,KBH/MHO
2019-08-20,94693.45,94693.45,0.0,0,9.437,0.427,
2019-08-21,94693.45,94693.45,0.0,0,9.437,0.427,
2019-08-22,94693.45,94693.45,0.0,0,9.437,0.427,
2019-08-23,94693.45,94693.45,0.0,0,9.437,0.427,
2019-08-26,94834.18,94653.64,180.53,2,9.303,0.45,KBH/MHO|PHM/MHO
2019-08-27,95108.3,94653.64,454.66,2,9.04,0.493,KBH/MHO|PHM/MHO
2019-08-28,94965.04,94653.64,311.4,2,9.177,0.47,KBH/MHO|PHM/MHO
2019-08-29,94718.04,94653.64,64.4,2,9.414,0.431,KBH/MHO|PHM/MHO
2019-08-30,94860.92,94653.64,207.28,2,9.277,0.454,KBH/MHO|PHM/MHO
2019-09-03,94971.45,94653.64,317.81,2,9.171,0.471,KBH/MHO|PHM/MHO
2019-09-04,95066.66,94653.64,413.01,2,9.08,0.487,KBH/MHO|PHM/MHO
2019-09-05,95000.32,94653.64,346.68,2,9.144,0.476,KBH/MHO|PHM/MHO
2019-09-06,95408.34,94653.64,754.7,2,8.754,0.541,KBH/MHO|PHM/MHO
2019-09-09,95170.33,94653.64,516.69,2,8.981,0.503,KBH/MHO|PHM/MHO
2019-09-10,95383.17,94653.64,729.53,2,8.778,0.537,KBH/MHO|PHM/MHO
2019-09-11,95261.25,94653.64,607.6,2,8.894,0.518,KBH/MHO|PHM/MHO
2019-09-12,94925.21,94653.64,271.56,2,9.216,0.464,KBH/MHO|PHM/MHO
2019-09-13,95027.51,94653.64,373.87,2,9.118,0.48,KBH/MHO|PHM/MHO
2019-09-16,95177.38,94642.34,535.04,3,8.974,0.504,KBH/MHO|PHM/MHO|DHI/LEN
2019-09-17,95114.6,94962.08,152.52,2,9.034,0.494,KBH/MHO|DHI/LEN
2019-09-18,95061.39,94962.08,99.32,2,9.085,0.486,KBH/MHO|DHI/LEN
2019-09-19,94719.2,94962.08,-242.88,2,9.413,0.431,KBH/MHO|DHI/LEN
2019-09-20,94824.27,94962.08,-137.8,2,9.312,0.448,KBH/MHO|DHI/LEN
2019-09-23,94811.56,94962.08,-150.52,2,9.324,0.446,KBH/MHO|DHI/LEN
2019-09-24,94879.72,94962.08,-82.36,2,9.259,0.457,KBH/MHO|DHI/LEN
2019-09-25,94833.16,94962.08,-128.92,2,9.304,0.449,KBH/MHO|DHI/LEN
2019-09-26,95141.35,94962.08,179.28,2,9.009,0.499,KBH/MHO|DHI/LEN
2019-09-27,95338.87,94962.08,376.8,2,8.82,0.53,KBH/MHO|DHI/LEN
2019-09-30,95430.41,94548.29,882.13,1,8.732,0.545,KBH/MHO
2019-10-01,95547.12,94548.29,998.84,1,8.621,0.563,KBH/MHO
2019-10-02,95545.59,94548.29,997.31,1,8.622,0.563,KBH/MHO
2019-10-03,95499.0,94548.29,950.72,1,8.667,0.556,KBH/MHO
2019-10-04,95066.38,94532.09,534.29,2,9.081,0.487,KBH/MHO|AME/ITW
2019-10-07,95258.94,94522.99,735.95,3,8.896,0.517,KBH/MHO|AME/ITW|PNC/FITB
2019-10-08,95523.43,95258.07,265.37,2,8.643,0.559,AME/ITW|PNC/FITB
2019-10-09,95469.84,95258.07,211.78,2,8.695,0.551,AME/ITW|PNC/FITB
2019-10-10,95318.61,95258.07,60.54,2,8.839,0.527,AME/ITW|PNC/FITB
2019-10-11,95242.29,95172.66,69.64,3,8.912,0.515,PNC/FITB|KBH/MHO|PHM/MHO
2019-10-14,94935.48,95172.66,-237.18,3,9.206,0.466,PNC/FITB|KBH/MHO|PHM/MHO
2019-10-15,94364.21,95172.66,-808.45,3,9.752,0.375,PNC/FITB|KBH/MHO|PHM/MHO
2019-10-16,93679.0,95172.66,-1493.65,3,10.407,0.265,PNC/FITB|KBH/MHO|PHM/MHO
2019-10-17,93077.04,95172.66,-2095.62,3,10.983,0.169,PNC/FITB|KBH/MHO|PHM/MHO
2019-10-18,92953.04,95172.66,-2219.62,3,11.102,0.15,PNC/FITB|KBH/MHO|PHM/MHO
2019-10-21,93014.42,95172.66,-2158.24,3,11.043,0.159,PNC/FITB|KBH/MHO|PHM/MHO
2019-10-22,92809.23,94287.89,-1478.65,1,11.239,0.127,KBH/MHO
2019-10-23,92790.05,92790.05,0.0,0,11.258,0.124,
2019-10-24,92823.15,92786.51,36.64,1,11.226,0.129,PHM/KBH
2019-10-25,92798.14,92786.51,11.63,1,11.25,0.125,PHM/KBH
2019-10-28,92789.86,92786.51,3.35,1,11.258,0.124,PHM/KBH
2019-10-29,92757.07,92782.97,-25.9,2,11.289,0.118,PHM/KBH|XEL/WEC
2019-10-30,92762.84,92782.97,-20.13,2,11.284,0.119,PHM/KBH|XEL/WEC
2019-10-31,92756.85,92782.97,-26.12,2,11.289,0.118,PHM/KBH|XEL/WEC
2019-11-01,92776.32,92782.97,-6.65,2,11.271,0.122,PHM/KBH|XEL/WEC
2019-11-04,92768.33,92782.97,-14.64,2,11.278,0.12,PHM/KBH|XEL/WEC
2019-11-05,92838.07,92782.97,55.1,2,11.212,0.131,PHM/KBH|XEL/WEC
2019-11-06,92841.54,92822.14,19.4,1,11.208,0.132,PHM/KBH
2019-11-07,92862.4,92822.14,40.26,1,11.188,0.135,PHM/KBH
2019-11-08,92866.72,92822.14,44.58,1,11.184,0.136,PHM/KBH
2019-11-11,92863.39,92863.39,0.0,0,11.187,0.135,
2019-11-12,92863.39,92863.39,0.0,0,11.187,0.135,
2019-11-13,92863.39,92863.39,0.0,0,11.187,0.135,
2019-11-14,92863.39,92863.39,0.0,0,11.187,0.135,
2019-11-15,92863.39,92863.39,0.0,0,11.187,0.135,
2019-11-18,92863.39,92863.39,0.0,0,11.187,0.135,
2019-11-19,92863.39,92863.39,0.0,0,11.187,0.135,
2019-11-20,92863.39,92863.39,0.0,0,11.187,0.135,
2019-11-21,92863.39,92863.39,0.0,0,11.187,0.135,
2019-11-22,92814.0,92854.42,-40.42,1,11.235,0.128,KBH/MHO
2019-11-25,92723.56,92854.42,-130.86,1,11.321,0.113,KBH/MHO
2019-11-26,92630.69,92854.42,-223.73,1,11.41,0.098,KBH/MHO
2019-11-27,92709.43,92854.42,-144.99,1,11.335,0.111,KBH/MHO
2019-11-29,92675.68,92854.42,-178.73,1,11.367,0.106,KBH/MHO
2019-12-02,92730.19,92850.05,-119.86,2,11.315,0.114,KBH/MHO|DHI/LEN
2019-12-03,92758.21,92850.05,-91.84,2,11.288,0.119,KBH/MHO|DHI/LEN
2019-12-04,92734.03,92850.05,-116.02,2,11.311,0.115,KBH/MHO|DHI/LEN
2019-12-05,92576.77,92850.05,-273.28,2,11.462,0.09,KBH/MHO|DHI/LEN
2019-12-06,92560.38,92560.22,0.17,1,11.477,0.087,DHI/LEN
2019-12-09,92555.61,92560.22,-4.61,1,11.482,0.086,DHI/LEN
2019-12-10,92575.03,92560.22,14.82,1,11.463,0.089,DHI/LEN
2019-12-11,92570.69,92570.69,0.0,0,11.467,0.089,
2019-12-12,92570.69,92570.69,0.0,0,11.467,0.089,
2019-12-13,92570.69,92570.69,0.0,0,11.467,0.089,
2019-12-16,92570.69,92570.69,0.0,0,11.467,0.089,
2019-12-17,92570.69,92570.69,0.0,0,11.467,0.089,
2019-12-18,92570.69,92570.69,0.0,0,11.467,0.089,
2019-12-19,92570.69,92570.69,0.0,0,11.467,0.089,
2019-12-20,92570.69,92570.69,0.0,0,11.467,0.089,
2019-12-23,92570.69,92570.69,0.0,0,11.467,0.089,
2019-12-24,92570.69,92570.69,0.0,0,11.467,0.089,
2019-12-26,92570.69,92570.69,0.0,0,11.467,0.089,
2019-12-27,92570.69,92570.69,0.0,0,11.467,0.089,
2019-12-30,92570.69,92570.69,0.0,0,11.467,0.089,
2019-12-31,92570.69,92570.69,0.0,0,11.467,0.089,
2020-01-02,92570.69,92570.69,0.0,0,11.467,0.089,
2020-01-03,92570.69,92570.69,0.0,0,11.467,0.089,
2020-01-06,92570.69,92570.69,0.0,0,11.467,0.089,
2020-01-07,92570.69,92570.69,0.0,0,11.467,0.089,
2020-01-08,92570.69,92570.69,0.0,0,11.467,0.089,
2020-01-09,92570.69,92570.69,0.0,0,11.467,0.089,
2020-01-10,92570.69,92570.69,0.0,0,11.467,0.089,
2020-01-13,92570.69,92570.69,0.0,0,11.467,0.089,
2020-01-14,92570.69,92570.69,0.0,0,11.467,0.089,
2020-01-15,92570.69,92570.69,0.0,0,11.467,0.089,
2020-01-16,92570.69,92570.69,0.0,0,11.467,0.089,
2020-01-17,92561.27,92565.12,-3.84,2,11.476,0.087,PNC/COF|C/TFC
2020-01-21,92594.39,92565.12,29.27,2,11.445,0.093,PNC/COF|C/TFC
2020-01-22,92533.41,92565.12,-31.7,2,11.503,0.083,PNC/COF|C/TFC
2020-01-23,92545.68,92588.63,-42.95,1,11.491,0.085,PNC/COF
2020-01-24,92536.05,92586.2,-50.15,2,11.501,0.083,PNC/COF|PH/ITW
2020-01-27,92546.28,92586.2,-39.92,2,11.491,0.085,PNC/COF|PH/ITW
2020-01-28,92552.52,92586.2,-33.68,2,11.485,0.086,PNC/COF|PH/ITW
2020-01-29,92569.71,92586.2,-16.49,2,11.468,0.089,PNC/COF|PH/ITW
2020-01-30,92613.46,92586.2,27.26,2,11.426,0.096,PNC/COF|PH/ITW
2020-01-31,92569.22,92586.2,-16.98,2,11.469,0.089,PNC/COF|PH/ITW
2020-02-03,92577.55,92563.94,13.61,1,11.461,0.09,PNC/COF
2020-02-04,92574.64,92574.64,0.0,0,11.464,0.089,
2020-02-05,92574.64,92574.64,0.0,0,11.464,0.089,
2020-02-06,92558.18,92569.49,-11.31,1,11.479,0.087,EMR/ROK
2020-02-07,92565.16,92567.02,-1.86,2,11.473,0.088,EMR/ROK|WEC/ES
2020-02-10,92540.59,92567.02,-26.44,2,11.496,0.084,EMR/ROK|WEC/ES
2020-02-11,92544.36,92567.02,-22.66,2,11.493,0.085,EMR/ROK|WEC/ES
2020-02-12,92535.71,92567.02,-31.31,2,11.501,0.083,EMR/ROK|WEC/ES
2020-02-13,92578.15,92567.02,11.13,2,11.46,0.09,EMR/ROK|WEC/ES
2020-02-14,92578.51,92567.02,11.48,2,11.46,0.09,EMR/ROK|WEC/ES
2020-02-18,92566.92,92567.02,-0.1,2,11.471,0.088,EMR/ROK|WEC/ES
2020-02-19,92548.79,92567.02,-18.24,2,11.488,0.085,EMR/ROK|WEC/ES
2020-02-20,92479.47,92567.02,-87.55,2,11.555,0.074,EMR/ROK|WEC/ES
2020-02-21,92411.04,92567.02,-155.99,2,11.62,0.063,EMR/ROK|WEC/ES
2020-02-24,92465.24,92569.18,-103.94,1,11.568,0.072,EMR/ROK
2020-02-25,92515.7,92569.18,-53.48,1,11.52,0.08,EMR/ROK
2020-02-26,92546.42,92569.18,-22.76,1,11.491,0.085,EMR/ROK
2020-02-27,92638.7,92565.56,73.14,2,11.402,0.1,EMR/ROK|NEE/ETR
2020-02-28,92631.28,92565.56,65.72,2,11.409,0.098,EMR/ROK|NEE/ETR
2020-03-02,92705.18,92557.86,147.32,5,11.339,0.11,EMR/ROK|NEE/ETR|AEP/XEL|PEG/XEL|PEG/WEC
2020-03-03,92721.13,92554.66,166.47,6,11.323,0.113,EMR/ROK|NEE/ETR|AEP/XEL|PEG/XEL|PEG/WEC|WEC/ES
2020-03-04,92792.93,92554.66,238.26,6,11.255,0.124,EMR/ROK|NEE/ETR|AEP/XEL|PEG/XEL|PEG/WEC|WEC/ES
2020-03-05,92813.11,92554.66,258.45,6,11.236,0.127,EMR/ROK|NEE/ETR|AEP/XEL|PEG/XEL|PEG/WEC|WEC/ES
2020-03-06,92834.22,92554.66,279.55,6,11.215,0.131,EMR/ROK|NEE/ETR|AEP/XEL|PEG/XEL|PEG/WEC|WEC/ES
2020-03-09,92760.96,92554.66,206.29,6,11.285,0.119,EMR/ROK|NEE/ETR|AEP/XEL|PEG/XEL|PEG/WEC|WEC/ES
2020-03-10,92762.45,92649.91,112.54,5,11.284,0.119,EMR/ROK|NEE/ETR|AEP/XEL|PEG/XEL|PEG/WEC
2020-03-11,92568.14,92649.91,-81.77,5,11.47,0.088,EMR/ROK|NEE/ETR|AEP/XEL|PEG/XEL|PEG/WEC
2020-03-12,92398.87,92649.91,-251.04,5,11.632,0.061,EMR/ROK|NEE/ETR|AEP/XEL|PEG/XEL|PEG/WEC
2020-03-13,91963.32,92649.91,-686.59,5,12.048,0.0,EMR/ROK|NEE/ETR|AEP/XEL|PEG/XEL|PEG/WEC
2020-03-16,91948.98,91948.98,0.0,0,12.062,0.0,
2020-03-17,91948.98,91948.98,0.0,0,12.062,0.0,
2020-03-18,91948.98,91948.98,0.0,0,12.062,0.0,
2020-03-19,91948.98,91948.98,0.0,0,12.062,0.0,
2020-03-20,91948.98,91948.98,0.0,0,12.062,0.0,
2020-03-23,91948.98,91948.98,0.0,0,12.062,0.0,
2020-03-24,91948.98,91948.98,0.0,0,12.062,0.0,
2020-03-25,91948.98,91948.98,0.0,0,12.062,0.0,
2020-03-26,91948.98,91948.98,0.0,0,12.062,0.0,
2020-03-27,91948.98,91948.98,0.0,0,12.062,0.0,
2020-03-30,91948.98,91948.98,0.0,0,12.062,0.0,
2020-03-31,91948.98,91948.98,0.0,0,12.062,0.0,
2020-04-01,91948.98,91948.98,0.0,0,12.062,0.0,
2020-04-02,91948.98,91948.98,0.0,0,12.062,0.0,
2020-04-03,91948.98,91948.98,0.0,0,12.062,0.0,
2020-04-06,91948.98,91948.98,0.0,0,12.062,0.0,
2020-04-07,91948.98,91948.98,0.0,0,12.062,0.0,
2020-04-08,91948.98,91948.98,0.0,0,12.062,0.0,
2020-04-09,91948.98,91948.98,0.0,0,12.062,0.0,
2020-04-13,91948.98,91948.98,0.0,0,12.062,0.0,
2020-04-14,91948.98,91948.98,0.0,0,12.062,0.0,
2020-04-15,91948.98,91948.98,0.0,0,12.062,0.0,
2020-04-16,91948.98,91948.98,0.0,0,12.062,0.0,
2020-04-17,91948.98,91948.98,0.0,0,12.062,0.0,
2020-04-20,91948.98,91948.98,0.0,0,12.062,0.0,
2020-04-21,91948.98,91948.98,0.0,0,12.062,0.0,
2020-04-22,91948.98,91948.98,0.0,0,12.062,0.0,
2020-04-23,91948.98,91948.98,0.0,0,12.062,0.0,
2020-04-24,91948.98,91948.98,0.0,0,12.062,0.0,
2020-04-27,91948.98,91948.98,0.0,0,12.062,0.0,
2020-04-28,91948.98,91948.98,0.0,0,12.062,0.0,
2020-04-29,91948.98,91948.98,0.0,0,12.062,0.0,
2020-04-30,91948.98,91948.98,0.0,0,12.062,0.0,
2020-05-01,91948.98,91948.98,0.0,0,12.062,0.0,
2020-05-04,91948.98,91948.98,0.0,0,12.062,0.0,
2020-05-05,91948.98,91948.98,0.0,0,12.062,0.0,
2020-05-06,91948.98,91948.98,0.0,0,12.062,0.0,
2020-05-07,91948.98,91948.98,0.0,0,12.062,0.0,
2020-05-08,91948.98,91948.98,0.0,0,12.062,0.0,
2020-05-11,91948.98,91948.98,0.0,0,12.062,0.0,
2020-05-12,91948.98,91948.98,0.0,0,12.062,0.0,
2020-05-13,91948.98,91948.98,0.0,0,12.062,0.0,
2020-05-14,91948.98,91948.98,0.0,0,12.062,0.0,
2020-05-15,91948.98,91948.98,0.0,0,12.062,0.0,
2020-05-18,91948.98,91948.98,0.0,0,12.062,0.0,
2020-05-19,91948.98,91948.98,0.0,0,12.062,0.0,
2020-05-20,91948.98,91948.98,0.0,0,12.062,0.0,
2020-05-21,91948.98,91948.98,0.0,0,12.062,0.0,
2020-05-22,91948.98,91948.98,0.0,0,12.062,0.0,
2020-05-26,91948.98,91948.98,0.0,0,12.062,0.0,
2020-05-27,91948.98,91948.98,0.0,0,12.062,0.0,
2020-05-28,91948.98,91948.98,0.0,0,12.062,0.0,
2020-05-29,91948.98,91948.98,0.0,0,12.062,0.0,
2020-06-01,91948.98,91948.98,0.0,0,12.062,0.0,
2020-06-02,91948.98,91948.98,0.0,0,12.062,0.0,
2020-06-03,91948.98,91948.98,0.0,0,12.062,0.0,
2020-06-04,91948.98,91948.98,0.0,0,12.062,0.0,
2020-06-05,91948.98,91948.98,0.0,0,12.062,0.0,
2020-06-08,91948.98,91948.98,0.0,0,12.062,0.0,
2020-06-09,91948.98,91948.98,0.0,0,12.062,0.0,
2020-06-10,91948.98,91948.98,0.0,0,12.062,0.0,
2020-06-11,91948.98,91948.98,0.0,0,12.062,0.0,
2020-06-12,91948.98,91948.98,0.0,0,12.062,0.0,
2020-06-15,91948.98,91948.98,0.0,0,12.062,0.0,
2020-06-16,91948.98,91948.98,0.0,0,12.062,0.0,
2020-06-17,91948.98,91948.98,0.0,0,12.062,0.0,
2020-06-18,91948.98,91948.98,0.0,0,12.062,0.0,
2020-06-19,91948.98,91948.98,0.0,0,12.062,0.0,
2020-06-22,91948.98,91948.98,0.0,0,12.062,0.0,
2020-06-23,91948.98,91948.98,0.0,0,12.062,0.0,
2020-06-24,91948.98,91948.98,0.0,0,12.062,0.0,
2020-06-25,91948.98,91948.98,0.0,0,12.062,0.0,
2020-06-26,91948.98,91948.98,0.0,0,12.062,0.0,
2020-06-29,91948.98,91948.98,0.0,0,12.062,0.0,
2020-06-30,91948.98,91948.98,0.0,0,12.062,0.0,
2020-07-01,91948.98,91948.98,0.0,0,12.062,0.0,
2020-07-02,91948.98,91948.98,0.0,0,12.062,0.0,
2020-07-06,91948.98,91948.98,0.0,0,12.062,0.0,
2020-07-07,91948.98,91948.98,0.0,0,12.062,0.0,
2020-07-08,91948.98,91948.98,0.0,0,12.062,0.0,
2020-07-09,91948.98,91948.98,0.0,0,12.062,0.0,
2020-07-10,91948.98,91948.98,0.0,0,12.062,0.0,
2020-07-13,91948.98,91948.98,0.0,0,12.062,0.0,
2020-07-14,91948.98,91948.98,0.0,0,12.062,0.0,
2020-07-15,91948.98,91948.98,0.0,0,12.062,0.0,
2020-07-16,91948.98,91948.98,0.0,0,12.062,0.0,
2020-07-17,91948.98,91948.98,0.0,0,12.062,0.0,
2020-07-20,91948.98,91948.98,0.0,0,12.062,0.0,
2020-07-21,91948.98,91948.98,0.0,0,12.062,0.0,
2020-07-22,91948.98,91948.98,0.0,0,12.062,0.0,
2020-07-23,91948.98,91948.98,0.0,0,12.062,0.0,
2020-07-24,91948.98,91948.98,0.0,0,12.062,0.0,
2020-07-27,91948.98,91948.98,0.0,0,12.062,0.0,
2020-07-28,91948.98,91948.98,0.0,0,12.062,0.0,
2020-07-29,91948.98,91948.98,0.0,0,12.062,0.0,
2020-07-30,91948.98,91948.98,0.0,0,12.062,0.0,
2020-07-31,91948.98,91948.98,0.0,0,12.062,0.0,
2020-08-03,91948.98,91948.98,0.0,0,12.062,0.0,
2020-08-04,91948.98,91948.98,0.0,0,12.062,0.0,
2020-08-05,91948.98,91948.98,0.0,0,12.062,0.0,
2020-08-06,91948.98,91948.98,0.0,0,12.062,0.0,
2020-08-07,91948.98,91948.98,0.0,0,12.062,0.0,
2020-08-10,91948.98,91948.98,0.0,0,12.062,0.0,
2020-08-11,91948.98,91948.98,0.0,0,12.062,0.0,
2020-08-12,91948.98,91948.98,0.0,0,12.062,0.0,
2020-08-13,91948.98,91948.98,0.0,0,12.062,0.0,
2020-08-14,91948.98,91948.98,0.0,0,12.062,0.0,
2020-08-17,91948.98,91948.98,0.0,0,12.062,0.0,
2020-08-18,91948.98,91948.98,0.0,0,12.062,0.0,
2020-08-19,91948.98,91948.98,0.0,0,12.062,0.0,
2020-08-20,91948.98,91948.98,0.0,0,12.062,0.0,
2020-08-21,91948.98,91948.98,0.0,0,12.062,0.0,
2020-08-24,91948.98,91948.98,0.0,0,12.062,0.0,
2020-08-25,91948.98,91948.98,0.0,0,12.062,0.0,
2020-08-26,91948.98,91948.98,0.0,0,12.062,0.0,
2020-08-27,91948.98,91948.98,0.0,0,12.062,0.0,
2020-08-28,91948.98,91948.98,0.0,0,12.062,0.0,
2020-08-31,91948.98,91948.98,0.0,0,12.062,0.0,
2020-09-01,91948.98,91948.98,0.0,0,12.062,0.0,
2020-09-02,91948.98,91948.98,0.0,0,12.062,0.0,
2020-09-03,91948.98,91948.98,0.0,0,12.062,0.0,
2020-09-04,91948.98,91948.98,0.0,0,12.062,0.0,
2020-09-08,91948.98,91948.98,0.0,0,12.062,0.0,
2020-09-09,91948.98,91948.98,0.0,0,12.062,0.0,
2020-09-10,91948.98,91948.98,0.0,0,12.062,0.0,
2020-09-11,91948.98,91948.98,0.0,0,12.062,0.0,
2020-09-14,91948.98,91948.98,0.0,0,12.062,0.0,
2020-09-15,91948.98,91948.98,0.0,0,12.062,0.0,
2020-09-16,91948.98,91948.98,0.0,0,12.062,0.0,
2020-09-17,91948.98,91948.98,0.0,0,12.062,0.0,
2020-09-18,91948.98,91948.98,0.0,0,12.062,0.0,
2020-09-21,91948.98,91948.98,0.0,0,12.062,0.0,
2020-09-22,91948.98,91948.98,0.0,0,12.062,0.0,
2020-09-23,91948.98,91948.98,0.0,0,12.062,0.0,
2020-09-24,91948.98,91948.98,0.0,0,12.062,0.0,
2020-09-25,91948.98,91948.98,0.0,0,12.062,0.0,
2020-09-28,91948.98,91948.98,0.0,0,12.062,0.0,
2020-09-29,91948.98,91948.98,0.0,0,12.062,0.0,
2020-09-30,91948.98,91948.98,0.0,0,12.062,0.0,
2020-10-01,91948.98,91948.98,0.0,0,12.062,0.0,
2020-10-02,91948.98,91948.98,0.0,0,12.062,0.0,
2020-10-05,91948.98,91948.98,0.0,0,12.062,0.0,
2020-10-06,91948.98,91948.98,0.0,0,12.062,0.0,
2020-10-07,91948.98,91948.98,0.0,0,12.062,0.0,
2020-10-08,91948.98,91948.98,0.0,0,12.062,0.0,
2020-10-09,91948.98,91948.98,0.0,0,12.062,0.0,
2020-10-12,91948.98,91948.98,0.0,0,12.062,0.0,
2020-10-13,91948.98,91948.98,0.0,0,12.062,0.0,
2020-10-14,91948.98,91948.98,0.0,0,12.062,0.0,
2020-10-15,91948.98,91948.98,0.0,0,12.062,0.0,
2020-10-16,91948.98,91948.98,0.0,0,12.062,0.0,
2020-10-19,91948.98,91948.98,0.0,0,12.062,0.0,
2020-10-20,91948.98,91948.98,0.0,0,12.062,0.0,
2020-10-21,91948.98,91948.98,0.0,0,12.062,0.0,
2020-10-22,91948.98,91948.98,0.0,0,12.062,0.0,
2020-10-23,91948.98,91948.98,0.0,0,12.062,0.0,
2020-10-26,91948.98,91948.98,0.0,0,12.062,0.0,
2020-10-27,91948.98,91948.98,0.0,0,12.062,0.0,
2020-10-28,91948.98,91948.98,0.0,0,12.062,0.0,
2020-10-29,91948.98,91948.98,0.0,0,12.062,0.0,
2020-10-30,91948.98,91948.98,0.0,0,12.062,0.0,
2020-11-02,91948.98,91948.98,0.0,0,12.062,0.0,
2020-11-03,91948.98,91948.98,0.0,0,12.062,0.0,
2020-11-04,91948.98,91948.98,0.0,0,12.062,0.0,
2020-11-05,91948.98,91948.98,0.0,0,12.062,0.0,
2020-11-06,91948.98,91948.98,0.0,0,12.062,0.0,
2020-11-09,91948.98,91948.98,0.0,0,12.062,0.0,
2020-11-10,91948.98,91948.98,0.0,0,12.062,0.0,
2020-11-11,91948.98,91948.98,0.0,0,12.062,0.0,
2020-11-12,91948.98,91948.98,0.0,0,12.062,0.0,
2020-11-13,91948.98,91948.98,0.0,0,12.062,0.0,
2020-11-16,91948.98,91948.98,0.0,0,12.062,0.0,
2020-11-17,91948.98,91948.98,0.0,0,12.062,0.0,
2020-11-18,91948.98,91948.98,0.0,0,12.062,0.0,
2020-11-19,91948.98,91948.98,0.0,0,12.062,0.0,
2020-11-20,91948.98,91948.98,0.0,0,12.062,0.0,
2020-11-23,91948.98,91948.98,0.0,0,12.062,0.0,
2020-11-24,91948.98,91948.98,0.0,0,12.062,0.0,
2020-11-25,91948.98,91948.98,0.0,0,12.062,0.0,
2020-11-27,91948.98,91948.98,0.0,0,12.062,0.0,
2020-11-30,91948.98,91948.98,0.0,0,12.062,0.0,
2020-12-01,91948.98,91948.98,0.0,0,12.062,0.0,
2020-12-02,91948.98,91948.98,0.0,0,12.062,0.0,
2020-12-03,91948.98,91948.98,0.0,0,12.062,0.0,
2020-12-04,91948.98,91948.98,0.0,0,12.062,0.0,
2020-12-07,91948.98,91948.98,0.0,0,12.062,0.0,
2020-12-08,91948.98,91948.98,0.0,0,12.062,0.0,
2020-12-09,91948.98,91948.98,0.0,0,12.062,0.0,
2020-12-10,91948.98,91948.98,0.0,0,12.062,0.0,
2020-12-11,91948.98,91948.98,0.0,0,12.062,0.0,
2020-12-14,91948.98,91948.98,0.0,0,12.062,0.0,
2020-12-15,91948.98,91948.98,0.0,0,12.062,0.0,
2020-12-16,91948.98,91948.98,0.0,0,12.062,0.0,
2020-12-17,91948.98,91948.98,0.0,0,12.062,0.0,
2020-12-18,91948.98,91948.98,0.0,0,12.062,0.0,
2020-12-21,91948.98,91948.98,0.0,0,12.062,0.0,
2020-12-22,91948.98,91948.98,0.0,0,12.062,0.0,
2020-12-23,91948.98,91948.98,0.0,0,12.062,0.0,
2020-12-24,91948.98,91948.98,0.0,0,12.062,0.0,
2020-12-28,91948.98,91948.98,0.0,0,12.062,0.0,
2020-12-29,91948.98,91948.98,0.0,0,12.062,0.0,
2020-12-30,91948.98,91948.98,0.0,0,12.062,0.0,
2020-12-31,91948.98,91948.98,0.0,0,12.062,0.0,
2021-01-04,91948.98,91948.98,0.0,0,12.062,0.0,
2021-01-05,91948.98,91948.98,0.0,0,12.062,0.0,
2021-01-06,91948.98,91948.98,0.0,0,12.062,0.0,
2021-01-07,91948.98,91948.98,0.0,0,12.062,0.0,
2021-01-08,91948.98,91948.98,0.0,0,12.062,0.0,
2021-01-11,91948.98,91948.98,0.0,0,12.062,0.0,
2021-01-12,91948.98,91948.98,0.0,0,12.062,0.0,
2021-01-13,91948.98,91948.98,0.0,0,12.062,0.0,
2021-01-14,91948.98,91948.98,0.0,0,12.062,0.0,
2021-01-15,91948.98,91948.98,0.0,0,12.062,0.0,
2021-01-19,91948.98,91948.98,0.0,0,12.062,0.0,
2021-01-20,91948.98,91948.98,0.0,0,12.062,0.0,
2021-01-21,91948.98,91948.98,0.0,0,12.062,0.0,
2021-01-22,91948.98,91948.98,0.0,0,12.062,0.0,
2021-01-25,91948.98,91948.98,0.0,0,12.062,0.0,
2021-01-26,91948.98,91948.98,0.0,0,12.062,0.0,
2021-01-27,91948.98,91948.98,0.0,0,12.062,0.0,
2021-01-28,91948.98,91948.98,0.0,0,12.062,0.0,
2021-01-29,91948.98,91948.98,0.0,0,12.062,0.0,
2021-02-01,91948.98,91948.98,0.0,0,12.062,0.0,
2021-02-02,91948.98,91948.98,0.0,0,12.062,0.0,
2021-02-03,91948.98,91948.98,0.0,0,12.062,0.0,
2021-02-04,91948.98,91948.98,0.0,0,12.062,0.0,
2021-02-05,91948.98,91948.98,0.0,0,12.062,0.0,
2021-02-08,91948.98,91948.98,0.0,0,12.062,0.0,
2021-02-09,91948.98,91948.98,0.0,0,12.062,0.0,
2021-02-10,91948.98,91948.98,0.0,0,12.062,0.0,
2021-02-11,91948.98,91948.98,0.0,0,12.062,0.0,
2021-02-12,91948.98,91948.98,0.0,0,12.062,0.0,
2021-02-16,91948.98,91948.98,0.0,0,12.062,0.0,
2021-02-17,91948.98,91948.98,0.0,0,12.062,0.0,
2021-02-18,91948.98,91948.98,0.0,0,12.062,0.0,
2021-02-19,91948.98,91948.98,0.0,0,12.062,0.0,
2021-02-22,91948.98,91948.98,0.0,0,12.062,0.0,
2021-02-23,91948.98,91948.98,0.0,0,12.062,0.0,
2021-02-24,91948.98,91948.98,0.0,0,12.062,0.0,
2021-02-25,91948.98,91948.98,0.0,0,12.062,0.0,
2021-02-26,91948.98,91948.98,0.0,0,12.062,0.0,
2021-03-01,91948.98,91948.98,0.0,0,12.062,0.0,
2021-03-02,91948.98,91948.98,0.0,0,12.062,0.0,
2021-03-03,91948.98,91948.98,0.0,0,12.062,0.0,
2021-03-04,91948.98,91948.98,0.0,0,12.062,0.0,
2021-03-05,91948.98,91948.98,0.0,0,12.062,0.0,
2021-03-08,91948.98,91948.98,0.0,0,12.062,0.0,
2021-03-09,91948.98,91948.98,0.0,0,12.062,0.0,
2021-03-10,91948.98,91948.98,0.0,0,12.062,0.0,
2021-03-11,91948.98,91948.98,0.0,0,12.062,0.0,
2021-03-12,91948.98,91948.98,0.0,0,12.062,0.0,
2021-03-15,91948.98,91948.98,0.0,0,12.062,0.0,
2021-03-16,91948.98,91948.98,0.0,0,12.062,0.0,
2021-03-17,91948.98,91948.98,0.0,0,12.062,0.0,
2021-03-18,91948.98,91948.98,0.0,0,12.062,0.0,
2021-03-19,91948.98,91948.98,0.0,0,12.062,0.0,
2021-03-22,91948.98,91948.98,0.0,0,12.062,0.0,
2021-03-23,91948.98,91948.98,0.0,0,12.062,0.0,
2021-03-24,91948.98,91948.98,0.0,0,12.062,0.0,
2021-03-25,91948.98,91948.98,0.0,0,12.062,0.0,
2021-03-26,91948.98,91948.98,0.0,0,12.062,0.0,
2021-03-29,91948.98,91948.98,0.0,0,12.062,0.0,
2021-03-30,91948.98,91948.98,0.0,0,12.062,0.0,
2021-03-31,91948.98,91948.98,0.0,0,12.062,0.0,
2021-04-01,91948.98,91948.98,0.0,0,12.062,0.0,
2021-04-05,91948.98,91948.98,0.0,0,12.062,0.0,
2021-04-06,91948.98,91948.98,0.0,0,12.062,0.0,
2021-04-07,91948.98,91948.98,0.0,0,12.062,0.0,
2021-04-08,91948.98,91948.98,0.0,0,12.062,0.0,
2021-04-09,91948.98,91948.98,0.0,0,12.062,0.0,
2021-04-12,91948.98,91948.98,0.0,0,12.062,0.0,
2021-04-13,91948.98,91948.98,0.0,0,12.062,0.0,
2021-04-14,91948.98,91948.98,0.0,0,12.062,0.0,
2021-04-15,91948.98,91948.98,0.0,0,12.062,0.0,
2021-04-16,91948.98,91948.98,0.0,0,12.062,0.0,
2021-04-19,91948.98,91948.98,0.0,0,12.062,0.0,
2021-04-20,91948.98,91948.98,0.0,0,12.062,0.0,
2021-04-21,91948.98,91948.98,0.0,0,12.062,0.0,
2021-04-22,91948.98,91948.98,0.0,0,12.062,0.0,
2021-04-23,91948.98,91948.98,0.0,0,12.062,0.0,
2021-04-26,91948.98,91948.98,0.0,0,12.062,0.0,
2021-04-27,91948.98,91948.98,0.0,0,12.062,0.0,
2021-04-28,91948.98,91948.98,0.0,0,12.062,0.0,
2021-04-29,91948.98,91948.98,0.0,0,12.062,0.0,
2021-04-30,91948.98,91948.98,0.0,0,12.062,0.0,
2021-05-03,91948.98,91948.98,0.0,0,12.062,0.0,
2021-05-04,91948.98,91948.98,0.0,0,12.062,0.0,
2021-05-05,91948.98,91948.98,0.0,0,12.062,0.0,
2021-05-06,91948.98,91948.98,0.0,0,12.062,0.0,
2021-05-07,91948.98,91948.98,0.0,0,12.062,0.0,
2021-05-10,91948.98,91948.98,0.0,0,12.062,0.0,
2021-05-11,91948.98,91948.98,0.0,0,12.062,0.0,
2021-05-12,91948.98,91948.98,0.0,0,12.062,0.0,
2021-05-13,91948.98,91948.98,0.0,0,12.062,0.0,
2021-05-14,91948.98,91948.98,0.0,0,12.062,0.0,
2021-05-17,91948.98,91948.98,0.0,0,12.062,0.0,
2021-05-18,91948.98,91948.98,0.0,0,12.062,0.0,
2021-05-19,91948.98,91948.98,0.0,0,12.062,0.0,
2021-05-20,91948.98,91948.98,0.0,0,12.062,0.0,
2021-05-21,91948.98,91948.98,0.0,0,12.062,0.0,
2021-05-24,91948.98,91948.98,0.0,0,12.062,0.0,
2021-05-25,91948.98,91948.98,0.0,0,12.062,0.0,
2021-05-26,91948.98,91948.98,0.0,0,12.062,0.0,
2021-05-27,91948.98,91948.98,0.0,0,12.062,0.0,
2021-05-28,91948.98,91948.98,0.0,0,12.062,0.0,
2021-06-01,91948.98,91948.98,0.0,0,12.062,0.0,
2021-06-02,91948.98,91948.98,0.0,0,12.062,0.0,
2021-06-03,91948.98,91948.98,0.0,0,12.062,0.0,
2021-06-04,91948.98,91948.98,0.0,0,12.062,0.0,
2021-06-07,91948.98,91948.98,0.0,0,12.062,0.0,
2021-06-08,91948.98,91948.98,0.0,0,12.062,0.0,
2021-06-09,91948.98,91948.98,0.0,0,12.062,0.0,
2021-06-10,91948.98,91948.98,0.0,0,12.062,0.0,
2021-06-11,91948.98,91948.98,0.0,0,12.062,0.0,
2021-06-14,91948.98,91948.98,0.0,0,12.062,0.0,
2021-06-15,91948.98,91948.98,0.0,0,12.062,0.0,
2021-06-16,91948.98,91948.98,0.0,0,12.062,0.0,
2021-06-17,91948.98,91948.98,0.0,0,12.062,0.0,
2021-06-18,91948.98,91948.98,0.0,0,12.062,0.0,
2021-06-21,91948.98,91948.98,0.0,0,12.062,0.0,
2021-06-22,91948.98,91948.98,0.0,0,12.062,0.0,
2021-06-23,91948.98,91948.98,0.0,0,12.062,0.0,
2021-06-24,91948.98,91948.98,0.0,0,12.062,0.0,
2021-06-25,91948.98,91948.98,0.0,0,12.062,0.0,
2021-06-28,91948.98,91948.98,0.0,0,12.062,0.0,
2021-06-29,91948.98,91948.98,0.0,0,12.062,0.0,
2021-06-30,91948.98,91948.98,0.0,0,12.062,0.0,
2021-07-01,91948.98,91948.98,0.0,0,12.062,0.0,
2021-07-02,91948.98,91948.98,0.0,0,12.062,0.0,
2021-07-06,91948.98,91948.98,0.0,0,12.062,0.0,
2021-07-07,91948.98,91948.98,0.0,0,12.062,0.0,
2021-07-08,91948.98,91948.98,0.0,0,12.062,0.0,
2021-07-09,91948.98,91948.98,0.0,0,12.062,0.0,
2021-07-12,91948.98,91948.98,0.0,0,12.062,0.0,
2021-07-13,91948.98,91948.98,0.0,0,12.062,0.0,
2021-07-14,91948.98,91948.98,0.0,0,12.062,0.0,
2021-07-15,91948.98,91948.98,0.0,0,12.062,0.0,
2021-07-16,91948.98,91948.98,0.0,0,12.062,0.0,
2021-07-19,91948.98,91948.98,0.0,0,12.062,0.0,
2021-07-20,91948.98,91948.98,0.0,0,12.062,0.0,
2021-07-21,91948.98,91948.98,0.0,0,12.062,0.0,
2021-07-22,91948.98,91948.98,0.0,0,12.062,0.0,
2021-07-23,91948.98,91948.98,0.0,0,12.062,0.0,
2021-07-26,91948.98,91948.98,0.0,0,12.062,0.0,
2021-07-27,91948.98,91948.98,0.0,0,12.062,0.0,
2021-07-28,91948.98,91948.98,0.0,0,12.062,0.0,
2021-07-29,91948.98,91948.98,0.0,0,12.062,0.0,
2021-07-30,91948.98,91948.98,0.0,0,12.062,0.0,
2021-08-02,91948.98,91948.98,0.0,0,12.062,0.0,
2021-08-03,91948.98,91948.98,0.0,0,12.062,0.0,
2021-08-04,91948.98,91948.98,0.0,0,12.062,0.0,
2021-08-05,91948.98,91948.98,0.0,0,12.062,0.0,
2021-08-06,91948.98,91948.98,0.0,0,12.062,0.0,
2021-08-09,91948.98,91948.98,0.0,0,12.062,0.0,
2021-08-10,91948.98,91948.98,0.0,0,12.062,0.0,
2021-08-11,91948.98,91948.98,0.0,0,12.062,0.0,
2021-08-12,91948.98,91948.98,0.0,0,12.062,0.0,
2021-08-13,91948.98,91948.98,0.0,0,12.062,0.0,
2021-08-16,91948.98,91948.98,0.0,0,12.062,0.0,
2021-08-17,91948.98,91948.98,0.0,0,12.062,0.0,
2021-08-18,91948.98,91948.98,0.0,0,12.062,0.0,
2021-08-19,91948.98,91948.98,0.0,0,12.062,0.0,
2021-08-20,91948.98,91948.98,0.0,0,12.062,0.0,
2021-08-23,91948.98,91948.98,0.0,0,12.062,0.0,
2021-08-24,91948.98,91948.98,0.0,0,12.062,0.0,
2021-08-25,91948.98,91948.98,0.0,0,12.062,0.0,
2021-08-26,91948.98,91948.98,0.0,0,12.062,0.0,
2021-08-27,91948.98,91948.98,0.0,0,12.062,0.0,
2021-08-30,91948.98,91948.98,0.0,0,12.062,0.0,
2021-08-31,91948.98,91948.98,0.0,0,12.062,0.0,
2021-09-01,91948.98,91948.98,0.0,0,12.062,0.0,
2021-09-02,91948.98,91948.98,0.0,0,12.062,0.0,
2021-09-03,91948.98,91948.98,0.0,0,12.062,0.0,
2021-09-07,91948.98,91948.98,0.0,0,12.062,0.0,
2021-09-08,91948.98,91948.98,0.0,0,12.062,0.0,
2021-09-09,91948.98,91948.98,0.0,0,12.062,0.0,
2021-09-10,91948.98,91948.98,0.0,0,12.062,0.0,
2021-09-13,91948.98,91948.98,0.0,0,12.062,0.0,
2021-09-14,91948.98,91948.98,0.0,0,12.062,0.0,
2021-09-15,91948.98,91948.98,0.0,0,12.062,0.0,
2021-09-16,91948.98,91948.98,0.0,0,12.062,0.0,
2021-09-17,91948.98,91948.98,0.0,0,12.062,0.0,
2021-09-20,91948.98,91948.98,0.0,0,12.062,0.0,
2021-09-21,91948.98,91948.98,0.0,0,12.062,0.0,
2021-09-22,91948.98,91948.98,0.0,0,12.062,0.0,
2021-09-23,91948.98,91948.98,0.0,0,12.062,0.0,
2021-09-24,91948.98,91948.98,0.0,0,12.062,0.0,
2021-09-27,91948.98,91948.98,0.0,0,12.062,0.0,
2021-09-28,91948.98,91948.98,0.0,0,12.062,0.0,
2021-09-29,91948.98,91948.98,0.0,0,12.062,0.0,
2021-09-30,91948.98,91948.98,0.0,0,12.062,0.0,
2021-10-01,91948.98,91948.98,0.0,0,12.062,0.0,
2021-10-04,91948.98,91948.98,0.0,0,12.062,0.0,
2021-10-05,91948.98,91948.98,0.0,0,12.062,0.0,
2021-10-06,91948.98,91948.98,0.0,0,12.062,0.0,
2021-10-07,91948.98,91948.98,0.0,0,12.062,0.0,
2021-10-08,91948.98,91948.98,0.0,0,12.062,0.0,
2021-10-11,91948.98,91948.98,0.0,0,12.062,0.0,
2021-10-12,91948.98,91948.98,0.0,0,12.062,0.0,
2021-10-13,91948.98,91948.98,0.0,0,12.062,0.0,
2021-10-14,91948.98,91948.98,0.0,0,12.062,0.0,
2021-10-15,91948.98,91948.98,0.0,0,12.062,0.0,
2021-10-18,91948.98,91948.98,0.0,0,12.062,0.0,
2021-10-19,91948.98,91948.98,0.0,0,12.062,0.0,
2021-10-20,91948.98,91948.98,0.0,0,12.062,0.0,
2021-10-21,91948.98,91948.98,0.0,0,12.062,0.0,
2021-10-22,91948.98,91948.98,0.0,0,12.062,0.0,
2021-10-25,91948.98,91948.98,0.0,0,12.062,0.0,
2021-10-26,91948.98,91948.98,0.0,0,12.062,0.0,
2021-10-27,91948.98,91948.98,0.0,0,12.062,0.0,
2021-10-28,91948.98,91948.98,0.0,0,12.062,0.0,
2021-10-29,91948.98,91948.98,0.0,0,12.062,0.0,
2021-11-01,91948.98,91948.98,0.0,0,12.062,0.0,
2021-11-02,91948.98,91948.98,0.0,0,12.062,0.0,
2021-11-03,91948.98,91948.98,0.0,0,12.062,0.0,
2021-11-04,91948.98,91948.98,0.0,0,12.062,0.0,
2021-11-05,91948.98,91948.98,0.0,0,12.062,0.0,
2021-11-08,91948.98,91948.98,0.0,0,12.062,0.0,
2021-11-09,91948.98,91948.98,0.0,0,12.062,0.0,
2021-11-10,91948.98,91948.98,0.0,0,12.062,0.0,
2021-11-11,91948.98,91948.98,0.0,0,12.062,0.0,
2021-11-12,91948.98,91948.98,0.0,0,12.062,0.0,
2021-11-15,91948.98,91948.98,0.0,0,12.062,0.0,
2021-11-16,91948.98,91948.98,0.0,0,12.062,0.0,
2021-11-17,91948.98,91948.98,0.0,0,12.062,0.0,
2021-11-18,91948.98,91948.98,0.0,0,12.062,0.0,
2021-11-19,91948.98,91948.98,0.0,0,12.062,0.0,
2021-11-22,91948.98,91948.98,0.0,0,12.062,0.0,
2021-11-23,91948.98,91948.98,0.0,0,12.062,0.0,
2021-11-24,91948.98,91948.98,0.0,0,12.062,0.0,
2021-11-26,91948.98,91948.98,0.0,0,12.062,0.0,
2021-11-29,91948.98,91948.98,0.0,0,12.062,0.0,
2021-11-30,91948.98,91948.98,0.0,0,12.062,0.0,
2021-12-01,91948.98,91948.98,0.0,0,12.062,0.0,
2021-12-02,91948.98,91948.98,0.0,0,12.062,0.0,
2021-12-03,91948.98,91948.98,0.0,0,12.062,0.0,
2021-12-06,91948.98,91948.98,0.0,0,12.062,0.0,
2021-12-07,91948.98,91948.98,0.0,0,12.062,0.0,
2021-12-08,91948.98,91948.98,0.0,0,12.062,0.0,
2021-12-09,91948.98,91948.98,0.0,0,12.062,0.0,
2021-12-10,91948.98,91948.98,0.0,0,12.062,0.0,
2021-12-13,91948.98,91948.98,0.0,0,12.062,0.0,
2021-12-14,91948.98,91948.98,0.0,0,12.062,0.0,
2021-12-15,91948.98,91948.98,0.0,0,12.062,0.0,
2021-12-16,91948.98,91948.98,0.0,0,12.062,0.0,
2021-12-17,91948.98,91948.98,0.0,0,12.062,0.0,
2021-12-20,91948.98,91948.98,0.0,0,12.062,0.0,
2021-12-21,91948.98,91948.98,0.0,0,12.062,0.0,
2021-12-22,91948.98,91948.98,0.0,0,12.062,0.0,
2021-12-23,91948.98,91948.98,0.0,0,12.062,0.0,
2021-12-27,91948.98,91948.98,0.0,0,12.062,0.0,
2021-12-28,91948.98,91948.98,0.0,0,12.062,0.0,
2021-12-29,91948.98,91948.98,0.0,0,12.062,0.0,
2021-12-30,91948.98,91948.98,0.0,0,12.062,0.0,
2021-12-31,91948.98,91948.98,0.0,0,12.062,0.0,
2022-01-03,91948.98,91948.98,0.0,0,12.062,0.0,
2022-01-04,91948.98,91948.98,0.0,0,12.062,0.0,
2022-01-05,91948.98,91948.98,0.0,0,12.062,0.0,
2022-01-06,91948.98,91948.98,0.0,0,12.062,0.0,
2022-01-07,91948.98,91948.98,0.0,0,12.062,0.0,
2022-01-10,91948.98,91948.98,0.0,0,12.062,0.0,
2022-01-11,91948.98,91948.98,0.0,0,12.062,0.0,
2022-01-12,91948.98,91948.98,0.0,0,12.062,0.0,
2022-01-13,91948.98,91948.98,0.0,0,12.062,0.0,
2022-01-14,91948.98,91948.98,0.0,0,12.062,0.0,
2022-01-18,91948.98,91948.98,0.0,0,12.062,0.0,
2022-01-19,91948.98,91948.98,0.0,0,12.062,0.0,
2022-01-20,91948.98,91948.98,0.0,0,12.062,0.0,
2022-01-21,91948.98,91948.98,0.0,0,12.062,0.0,
2022-01-24,91948.98,91948.98,0.0,0,12.062,0.0,
2022-01-25,91948.98,91948.98,0.0,0,12.062,0.0,
2022-01-26,91948.98,91948.98,0.0,0,12.062,0.0,
2022-01-27,91948.98,91948.98,0.0,0,12.062,0.0,
2022-01-28,91948.98,91948.98,0.0,0,12.062,0.0,
2022-01-31,91948.98,91948.98,0.0,0,12.062,0.0,
2022-02-01,91948.98,91948.98,0.0,0,12.062,0.0,
2022-02-02,91948.98,91948.98,0.0,0,12.062,0.0,
2022-02-03,91948.98,91948.98,0.0,0,12.062,0.0,
2022-02-04,91948.98,91948.98,0.0,0,12.062,0.0,
2022-02-07,91948.98,91948.98,0.0,0,12.062,0.0,
2022-02-08,91948.98,91948.98,0.0,0,12.062,0.0,
2022-02-09,91948.98,91948.98,0.0,0,12.062,0.0,
2022-02-10,91948.98,91948.98,0.0,0,12.062,0.0,
2022-02-11,91948.98,91948.98,0.0,0,12.062,0.0,
2022-02-14,91948.98,91948.98,0.0,0,12.062,0.0,
2022-02-15,91948.98,91948.98,0.0,0,12.062,0.0,
2022-02-16,91948.98,91948.98,0.0,0,12.062,0.0,
2022-02-17,91948.98,91948.98,0.0,0,12.062,0.0,
2022-02-18,91948.98,91948.98,0.0,0,12.062,0.0,
2022-02-22,91948.98,91948.98,0.0,0,12.062,0.0,
2022-02-23,91948.98,91948.98,0.0,0,12.062,0.0,
2022-02-24,91948.98,91948.98,0.0,0,12.062,0.0,
2022-02-25,91948.98,91948.98,0.0,0,12.062,0.0,
2022-02-28,91948.98,91948.98,0.0,0,12.062,0.0,
2022-03-01,91948.98,91948.98,0.0,0,12.062,0.0,
2022-03-02,91948.98,91948.98,0.0,0,12.062,0.0,
2022-03-03,91948.98,91948.98,0.0,0,12.062,0.0,
2022-03-04,91948.98,91948.98,0.0,0,12.062,0.0,
2022-03-07,91948.98,91948.98,0.0,0,12.062,0.0,
2022-03-08,91948.98,91948.98,0.0,0,12.062,0.0,
2022-03-09,91948.98,91948.98,0.0,0,12.062,0.0,
2022-03-10,91948.98,91948.98,0.0,0,12.062,0.0,
2022-03-11,91948.98,91948.98,0.0,0,12.062,0.0,
2022-03-14,91948.98,91948.98,0.0,0,12.062,0.0,
2022-03-15,91948.98,91948.98,0.0,0,12.062,0.0,
2022-03-16,91948.98,91948.98,0.0,0,12.062,0.0,
2022-03-17,91948.98,91948.98,0.0,0,12.062,0.0,
2022-03-18,91948.98,91948.98,0.0,0,12.062,0.0,
2022-03-21,91948.98,91948.98,0.0,0,12.062,0.0,
2022-03-22,91948.98,91948.98,0.0,0,12.062,0.0,
2022-03-23,91948.98,91948.98,0.0,0,12.062,0.0,
2022-03-24,91948.98,91948.98,0.0,0,12.062,0.0,
2022-03-25,91948.98,91948.98,0.0,0,12.062,0.0,
2022-03-28,91948.98,91948.98,0.0,0,12.062,0.0,
2022-03-29,91948.98,91948.98,0.0,0,12.062,0.0,
2022-03-30,91948.98,91948.98,0.0,0,12.062,0.0,
2022-03-31,91948.98,91948.98,0.0,0,12.062,0.0,
2022-04-01,91948.98,91948.98,0.0,0,12.062,0.0,
2022-04-04,91948.98,91948.98,0.0,0,12.062,0.0,
2022-04-05,91948.98,91948.98,0.0,0,12.062,0.0,
2022-04-06,91948.98,91948.98,0.0,0,12.062,0.0,
2022-04-07,91948.98,91948.98,0.0,0,12.062,0.0,
2022-04-08,91948.98,91948.98,0.0,0,12.062,0.0,
2022-04-11,91948.98,91948.98,0.0,0,12.062,0.0,
2022-04-12,91948.98,91948.98,0.0,0,12.062,0.0,
2022-04-13,91948.98,91948.98,0.0,0,12.062,0.0,
2022-04-14,91948.98,91948.98,0.0,0,12.062,0.0,
2022-04-18,91948.98,91948.98,0.0,0,12.062,0.0,
2022-04-19,91948.98,91948.98,0.0,0,12.062,0.0,
2022-04-20,91948.98,91948.98,0.0,0,12.062,0.0,
2022-04-21,91948.98,91948.98,0.0,0,12.062,0.0,
2022-04-22,91948.98,91948.98,0.0,0,12.062,0.0,
2022-04-25,91948.98,91948.98,0.0,0,12.062,0.0,
2022-04-26,91948.98,91948.98,0.0,0,12.062,0.0,
2022-04-27,91948.98,91948.98,0.0,0,12.062,0.0,
2022-04-28,91948.98,91948.98,0.0,0,12.062,0.0,
2022-04-29,91948.98,91948.98,0.0,0,12.062,0.0,
2022-05-02,91948.98,91948.98,0.0,0,12.062,0.0,
2022-05-03,91948.98,91948.98,0.0,0,12.062,0.0,
2022-05-04,91948.98,91948.98,0.0,0,12.062,0.0,
2022-05-05,91948.98,91948.98,0.0,0,12.062,0.0,
2022-05-06,91948.98,91948.98,0.0,0,12.062,0.0,
2022-05-09,91948.98,91948.98,0.0,0,12.062,0.0,
2022-05-10,91948.98,91948.98,0.0,0,12.062,0.0,
2022-05-11,91948.98,91948.98,0.0,0,12.062,0.0,
2022-05-12,91948.98,91948.98,0.0,0,12.062,0.0,
2022-05-13,91948.98,91948.98,0.0,0,12.062,0.0,
2022-05-16,91948.98,91948.98,0.0,0,12.062,0.0,
2022-05-17,91948.98,91948.98,0.0,0,12.062,0.0,
2022-05-18,91948.98,91948.98,0.0,0,12.062,0.0,
2022-05-19,91948.98,91948.98,0.0,0,12.062,0.0,
2022-05-20,91948.98,91948.98,0.0,0,12.062,0.0,
2022-05-23,91948.98,91948.98,0.0,0,12.062,0.0,
2022-05-24,91948.98,91948.98,0.0,0,12.062,0.0,
2022-05-25,91948.98,91948.98,0.0,0,12.062,0.0,
2022-05-26,91948.98,91948.98,0.0,0,12.062,0.0,
2022-05-27,91948.98,91948.98,0.0,0,12.062,0.0,
2022-05-31,91948.98,91948.98,0.0,0,12.062,0.0,
2022-06-01,91948.98,91948.98,0.0,0,12.062,0.0,
2022-06-02,91948.98,91948.98,0.0,0,12.062,0.0,
2022-06-03,91948.98,91948.98,0.0,0,12.062,0.0,
2022-06-06,91948.98,91948.98,0.0,0,12.062,0.0,
2022-06-07,91948.98,91948.98,0.0,0,12.062,0.0,
2022-06-08,91948.98,91948.98,0.0,0,12.062,0.0,
2022-06-09,91948.98,91948.98,0.0,0,12.062,0.0,
2022-06-10,91948.98,91948.98,0.0,0,12.062,0.0,
2022-06-13,91948.98,91948.98,0.0,0,12.062,0.0,
2022-06-14,91948.98,91948.98,0.0,0,12.062,0.0,
2022-06-15,91948.98,91948.98,0.0,0,12.062,0.0,
2022-06-16,91948.98,91948.98,0.0,0,12.062,0.0,
2022-06-17,91948.98,91948.98,0.0,0,12.062,0.0,
2022-06-21,91948.98,91948.98,0.0,0,12.062,0.0,
2022-06-22,91948.98,91948.98,0.0,0,12.062,0.0,
2022-06-23,91948.98,91948.98,0.0,0,12.062,0.0,
2022-06-24,91948.98,91948.98,0.0,0,12.062,0.0,
2022-06-27,91948.98,91948.98,0.0,0,12.062,0.0,
2022-06-28,91948.98,91948.98,0.0,0,12.062,0.0,
2022-06-29,91948.98,91948.98,0.0,0,12.062,0.0,
2022-06-30,91948.98,91948.98,0.0,0,12.062,0.0,
2022-07-01,91948.98,91948.98,0.0,0,12.062,0.0,
2022-07-05,91948.98,91948.98,0.0,0,12.062,0.0,
2022-07-06,91948.98,91948.98,0.0,0,12.062,0.0,
2022-07-07,91948.98,91948.98,0.0,0,12.062,0.0,
2022-07-08,91948.98,91948.98,0.0,0,12.062,0.0,
2022-07-11,91948.98,91948.98,0.0,0,12.062,0.0,
2022-07-12,91948.98,91948.98,0.0,0,12.062,0.0,
2022-07-13,91948.98,91948.98,0.0,0,12.062,0.0,
2022-07-14,91948.98,91948.98,0.0,0,12.062,0.0,
2022-07-15,91948.98,91948.98,0.0,0,12.062,0.0,
2022-07-18,91948.98,91948.98,0.0,0,12.062,0.0,
2022-07-19,91948.98,91948.98,0.0,0,12.062,0.0,
2022-07-20,91948.98,91948.98,0.0,0,12.062,0.0,
2022-07-21,91948.98,91948.98,0.0,0,12.062,0.0,
2022-07-22,91948.98,91948.98,0.0,0,12.062,0.0,
2022-07-25,91948.98,91948.98,0.0,0,12.062,0.0,
2022-07-26,91948.98,91948.98,0.0,0,12.062,0.0,
2022-07-27,91948.98,91948.98,0.0,0,12.062,0.0,
2022-07-28,91948.98,91948.98,0.0,0,12.062,0.0,
2022-07-29,91948.98,91948.98,0.0,0,12.062,0.0,
2022-08-01,91948.98,91948.98,0.0,0,12.062,0.0,
2022-08-02,91948.98,91948.98,0.0,0,12.062,0.0,
2022-08-03,91948.98,91948.98,0.0,0,12.062,0.0,
2022-08-04,91948.98,91948.98,0.0,0,12.062,0.0,
2022-08-05,91948.98,91948.98,0.0,0,12.062,0.0,
2022-08-08,91948.98,91948.98,0.0,0,12.062,0.0,
2022-08-09,91948.98,91948.98,0.0,0,12.062,0.0,
2022-08-10,91948.98,91948.98,0.0,0,12.062,0.0,
2022-08-11,91948.98,91948.98,0.0,0,12.062,0.0,
2022-08-12,91948.98,91948.98,0.0,0,12.062,0.0,
2022-08-15,91948.98,91948.98,0.0,0,12.062,0.0,
2022-08-16,91948.98,91948.98,0.0,0,12.062,0.0,
2022-08-17,91948.98,91948.98,0.0,0,12.062,0.0,
2022-08-18,91948.98,91948.98,0.0,0,12.062,0.0,
2022-08-19,91948.98,91948.98,0.0,0,12.062,0.0,
2022-08-22,91948.98,91948.98,0.0,0,12.062,0.0,
2022-08-23,91948.98,91948.98,0.0,0,12.062,0.0,
2022-08-24,91948.98,91948.98,0.0,0,12.062,0.0,
2022-08-25,91948.98,91948.98,0.0,0,12.062,0.0,
2022-08-26,91948.98,91948.98,0.0,0,12.062,0.0,
2022-08-29,91948.98,91948.98,0.0,0,12.062,0.0,
2022-08-30,91948.98,91948.98,0.0,0,12.062,0.0,
2022-08-31,91948.98,91948.98,0.0,0,12.062,0.0,
2022-09-01,91948.98,91948.98,0.0,0,12.062,0.0,
2022-09-02,91948.98,91948.98,0.0,0,12.062,0.0,
2022-09-06,91948.98,91948.98,0.0,0,12.062,0.0,
2022-09-07,91948.98,91948.98,0.0,0,12.062,0.0,
2022-09-08,91948.98,91948.98,0.0,0,12.062,0.0,
2022-09-09,91948.98,91948.98,0.0,0,12.062,0.0,
2022-09-12,91948.98,91948.98,0.0,0,12.062,0.0,
2022-09-13,91948.98,91948.98,0.0,0,12.062,0.0,
2022-09-14,91948.98,91948.98,0.0,0,12.062,0.0,
2022-09-15,91948.98,91948.98,0.0,0,12.062,0.0,
2022-09-16,91948.98,91948.98,0.0,0,12.062,0.0,
2022-09-19,91948.98,91948.98,0.0,0,12.062,0.0,
2022-09-20,91948.98,91948.98,0.0,0,12.062,0.0,
2022-09-21,91948.98,91948.98,0.0,0,12.062,0.0,
2022-09-22,91948.98,91948.98,0.0,0,12.062,0.0,
2022-09-23,91948.98,91948.98,0.0,0,12.062,0.0,
2022-09-26,91948.98,91948.98,0.0,0,12.062,0.0,
2022-09-27,91948.98,91948.98,0.0,0,12.062,0.0,
2022-09-28,91948.98,91948.98,0.0,0,12.062,0.0,
2022-09-29,91948.98,91948.98,0.0,0,12.062,0.0,
2022-09-30,91948.98,91948.98,0.0,0,12.062,0.0,
2022-10-03,91948.98,91948.98,0.0,0,12.062,0.0,
2022-10-04,91948.98,91948.98,0.0,0,12.062,0.0,
2022-10-05,91948.98,91948.98,0.0,0,12.062,0.0,
2022-10-06,91948.98,91948.98,0.0,0,12.062,0.0,
2022-10-07,91948.98,91948.98,0.0,0,12.062,0.0,
2022-10-10,91948.98,91948.98,0.0,0,12.062,0.0,
2022-10-11,91948.98,91948.98,0.0,0,12.062,0.0,
2022-10-12,91948.98,91948.98,0.0,0,12.062,0.0,
2022-10-13,91948.98,91948.98,0.0,0,12.062,0.0,
2022-10-14,91948.98,91948.98,0.0,0,12.062,0.0,
2022-10-17,91948.98,91948.98,0.0,0,12.062,0.0,
2022-10-18,91948.98,91948.98,0.0,0,12.062,0.0,
2022-10-19,91948.98,91948.98,0.0,0,12.062,0.0,
2022-10-20,91948.98,91948.98,0.0,0,12.062,0.0,
2022-10-21,91948.98,91948.98,0.0,0,12.062,0.0,
2022-10-24,91948.98,91948.98,0.0,0,12.062,0.0,
2022-10-25,91948.98,91948.98,0.0,0,12.062,0.0,
2022-10-26,91948.98,91948.98,0.0,0,12.062,0.0,
2022-10-27,91948.98,91948.98,0.0,0,12.062,0.0,
2022-10-28,91948.98,91948.98,0.0,0,12.062,0.0,
2022-10-31,91948.98,91948.98,0.0,0,12.062,0.0,
2022-11-01,91948.98,91948.98,0.0,0,12.062,0.0,
2022-11-02,91948.98,91948.98,0.0,0,12.062,0.0,
2022-11-03,91948.98,91948.98,0.0,0,12.062,0.0,
2022-11-04,91948.98,91948.98,0.0,0,12.062,0.0,
2022-11-07,91948.98,91948.98,0.0,0,12.062,0.0,
2022-11-08,91948.98,91948.98,0.0,0,12.062,0.0,
2022-11-09,91948.98,91948.98,0.0,0,12.062,0.0,
2022-11-10,91948.98,91948.98,0.0,0,12.062,0.0,
2022-11-11,91948.98,91948.98,0.0,0,12.062,0.0,
2022-11-14,91948.98,91948.98,0.0,0,12.062,0.0,
2022-11-15,91948.98,91948.98,0.0,0,12.062,0.0,
2022-11-16,91948.98,91948.98,0.0,0,12.062,0.0,
2022-11-17,91948.98,91948.98,0.0,0,12.062,0.0,
2022-11-18,91948.98,91948.98,0.0,0,12.062,0.0,
2022-11-21,91948.98,91948.98,0.0,0,12.062,0.0,
2022-11-22,91948.98,91948.98,0.0,0,12.062,0.0,
2022-11-23,91948.98,91948.98,0.0,0,12.062,0.0,
2022-11-25,91948.98,91948.98,0.0,0,12.062,0.0,
2022-11-28,91948.98,91948.98,0.0,0,12.062,0.0,
2022-11-29,91948.98,91948.98,0.0,0,12.062,0.0,
2022-11-30,91948.98,91948.98,0.0,0,12.062,0.0,
2022-12-01,91948.98,91948.98,0.0,0,12.062,0.0,
2022-12-02,91948.98,91948.98,0.0,0,12.062,0.0,
2022-12-05,91948.98,91948.98,0.0,0,12.062,0.0,
2022-12-06,91948.98,91948.98,0.0,0,12.062,0.0,
2022-12-07,91948.98,91948.98,0.0,0,12.062,0.0,
2022-12-08,91948.98,91948.98,0.0,0,12.062,0.0,
2022-12-09,91948.98,91948.98,0.0,0,12.062,0.0,
2022-12-12,91948.98,91948.98,0.0,0,12.062,0.0,
2022-12-13,91948.98,91948.98,0.0,0,12.062,0.0,
2022-12-14,91948.98,91948.98,0.0,0,12.062,0.0,
2022-12-15,91948.98,91948.98,0.0,0,12.062,0.0,
2022-12-16,91948.98,91948.98,0.0,0,12.062,0.0,
2022-12-19,91948.98,91948.98,0.0,0,12.062,0.0,
2022-12-20,91948.98,91948.98,0.0,0,12.062,0.0,
2022-12-21,91948.98,91948.98,0.0,0,12.062,0.0,
2022-12-22,91948.98,91948.98,0.0,0,12.062,0.0,
2022-12-23,91948.98,91948.98,0.0,0,12.062,0.0,
2022-12-27,91948.98,91948.98,0.0,0,12.062,0.0,
2022-12-28,91948.98,91948.98,0.0,0,12.062,0.0,
2022-12-29,91948.98,91948.98,0.0,0,12.062,0.0,
2022-12-30,91948.98,91948.98,0.0,0,12.062,0.0,
2023-01-03,91948.98,91948.98,0.0,0,12.062,0.0,
2023-01-04,91948.98,91948.98,0.0,0,12.062,0.0,
2023-01-05,91948.98,91948.98,0.0,0,12.062,0.0,
2023-01-06,91948.98,91948.98,0.0,0,12.062,0.0,
2023-01-09,91948.98,91948.98,0.0,0,12.062,0.0,
2023-01-10,91948.98,91948.98,0.0,0,12.062,0.0,
2023-01-11,91948.98,91948.98,0.0,0,12.062,0.0,
2023-01-12,91948.98,91948.98,0.0,0,12.062,0.0,
2023-01-13,91948.98,91948.98,0.0,0,12.062,0.0,
2023-01-17,91948.98,91948.98,0.0,0,12.062,0.0,
2023-01-18,91948.98,91948.98,0.0,0,12.062,0.0,
2023-01-19,91948.98,91948.98,0.0,0,12.062,0.0,
2023-01-20,91948.98,91948.98,0.0,0,12.062,0.0,
2023-01-23,91948.98,91948.98,0.0,0,12.062,0.0,
2023-01-24,91948.98,91948.98,0.0,0,12.062,0.0,
2023-01-25,91948.98,91948.98,0.0,0,12.062,0.0,
2023-01-26,91948.98,91948.98,0.0,0,12.062,0.0,
2023-01-27,91948.98,91948.98,0.0,0,12.062,0.0,
2023-01-30,91948.98,91948.98,0.0,0,12.062,0.0,
2023-01-31,91948.98,91948.98,0.0,0,12.062,0.0,
2023-02-01,91948.98,91948.98,0.0,0,12.062,0.0,
2023-02-02,91948.98,91948.98,0.0,0,12.062,0.0,
2023-02-03,91948.98,91948.98,0.0,0,12.062,0.0,
2023-02-06,91948.98,91948.98,0.0,0,12.062,0.0,
2023-02-07,91948.98,91948.98,0.0,0,12.062,0.0,
2023-02-08,91948.98,91948.98,0.0,0,12.062,0.0,
2023-02-09,91948.98,91948.98,0.0,0,12.062,0.0,
2023-02-10,91948.98,91948.98,0.0,0,12.062,0.0,
2023-02-13,91948.98,91948.98,0.0,0,12.062,0.0,
2023-02-14,91948.98,91948.98,0.0,0,12.062,0.0,
2023-02-15,91948.98,91948.98,0.0,0,12.062,0.0,
2023-02-16,91948.98,91948.98,0.0,0,12.062,0.0,
2023-02-17,91948.98,91948.98,0.0,0,12.062,0.0,
2023-02-21,91948.98,91948.98,0.0,0,12.062,0.0,
2023-02-22,91948.98,91948.98,0.0,0,12.062,0.0,
2023-02-23,91948.98,91948.98,0.0,0,12.062,0.0,
2023-02-24,91948.98,91948.98,0.0,0,12.062,0.0,
2023-02-27,91948.98,91948.98,0.0,0,12.062,0.0,
2023-02-28,91948.98,91948.98,0.0,0,12.062,0.0,
2023-03-01,91948.98,91948.98,0.0,0,12.062,0.0,
2023-03-02,91948.98,91948.98,0.0,0,12.062,0.0,
2023-03-03,91948.98,91948.98,0.0,0,12.062,0.0,
2023-03-06,91948.98,91948.98,0.0,0,12.062,0.0,
2023-03-07,91948.98,91948.98,0.0,0,12.062,0.0,
2023-03-08,91948.98,91948.98,0.0,0,12.062,0.0,
2023-03-09,91948.98,91948.98,0.0,0,12.062,0.0,
2023-03-10,91948.98,91948.98,0.0,0,12.062,0.0,
2023-03-13,91948.98,91948.98,0.0,0,12.062,0.0,
2023-03-14,91948.98,91948.98,0.0,0,12.062,0.0,
2023-03-15,91948.98,91948.98,0.0,0,12.062,0.0,
2023-03-16,91948.98,91948.98,0.0,0,12.062,0.0,
2023-03-17,91948.98,91948.98,0.0,0,12.062,0.0,
2023-03-20,91948.98,91948.98,0.0,0,12.062,0.0,
2023-03-21,91948.98,91948.98,0.0,0,12.062,0.0,
2023-03-22,91948.98,91948.98,0.0,0,12.062,0.0,
2023-03-23,91948.98,91948.98,0.0,0,12.062,0.0,
2023-03-24,91948.98,91948.98,0.0,0,12.062,0.0,
2023-03-27,91948.98,91948.98,0.0,0,12.062,0.0,
2023-03-28,91948.98,91948.98,0.0,0,12.062,0.0,
2023-03-29,91948.98,91948.98,0.0,0,12.062,0.0,
2023-03-30,91948.98,91948.98,0.0,0,12.062,0.0,
2023-03-31,91948.98,91948.98,0.0,0,12.062,0.0,
2023-04-03,91948.98,91948.98,0.0,0,12.062,0.0,
2023-04-04,91948.98,91948.98,0.0,0,12.062,0.0,
2023-04-05,91948.98,91948.98,0.0,0,12.062,0.0,
2023-04-06,91948.98,91948.98,0.0,0,12.062,0.0,
2023-04-10,91948.98,91948.98,0.0,0,12.062,0.0,
2023-04-11,91948.98,91948.98,0.0,0,12.062,0.0,
2023-04-12,91948.98,91948.98,0.0,0,12.062,0.0,
2023-04-13,91948.98,91948.98,0.0,0,12.062,0.0,
2023-04-14,91948.98,91948.98,0.0,0,12.062,0.0,
2023-04-17,91948.98,91948.98,0.0,0,12.062,0.0,
2023-04-18,91948.98,91948.98,0.0,0,12.062,0.0,
2023-04-19,91948.98,91948.98,0.0,0,12.062,0.0,
2023-04-20,91948.98,91948.98,0.0,0,12.062,0.0,
2023-04-21,91948.98,91948.98,0.0,0,12.062,0.0,
2023-04-24,91948.98,91948.98,0.0,0,12.062,0.0,
2023-04-25,91948.98,91948.98,0.0,0,12.062,0.0,
2023-04-26,91948.98,91948.98,0.0,0,12.062,0.0,
2023-04-27,91948.98,91948.98,0.0,0,12.062,0.0,
2023-04-28,91948.98,91948.98,0.0,0,12.062,0.0,
2023-05-01,91948.98,91948.98,0.0,0,12.062,0.0,
2023-05-02,91948.98,91948.98,0.0,0,12.062,0.0,
2023-05-03,91948.98,91948.98,0.0,0,12.062,0.0,
2023-05-04,91948.98,91948.98,0.0,0,12.062,0.0,
2023-05-05,91948.98,91948.98,0.0,0,12.062,0.0,
2023-05-08,91948.98,91948.98,0.0,0,12.062,0.0,
2023-05-09,91948.98,91948.98,0.0,0,12.062,0.0,
2023-05-10,91948.98,91948.98,0.0,0,12.062,0.0,
2023-05-11,91948.98,91948.98,0.0,0,12.062,0.0,
2023-05-12,91948.98,91948.98,0.0,0,12.062,0.0,
2023-05-15,91948.98,91948.98,0.0,0,12.062,0.0,
2023-05-16,91948.98,91948.98,0.0,0,12.062,0.0,
2023-05-17,91948.98,91948.98,0.0,0,12.062,0.0,
2023-05-18,91948.98,91948.98,0.0,0,12.062,0.0,
2023-05-19,91948.98,91948.98,0.0,0,12.062,0.0,
2023-05-22,91948.98,91948.98,0.0,0,12.062,0.0,
2023-05-23,91948.98,91948.98,0.0,0,12.062,0.0,
2023-05-24,91948.98,91948.98,0.0,0,12.062,0.0,
2023-05-25,91948.98,91948.98,0.0,0,12.062,0.0,
2023-05-26,91948.98,91948.98,0.0,0,12.062,0.0,
2023-05-30,91948.98,91948.98,0.0,0,12.062,0.0,
2023-05-31,91948.98,91948.98,0.0,0,12.062,0.0,
2023-06-01,91948.98,91948.98,0.0,0,12.062,0.0,
2023-06-02,91948.98,91948.98,0.0,0,12.062,0.0,
2023-06-05,91948.98,91948.98,0.0,0,12.062,0.0,
2023-06-06,91948.98,91948.98,0.0,0,12.062,0.0,
2023-06-07,91948.98,91948.98,0.0,0,12.062,0.0,
2023-06-08,91948.98,91948.98,0.0,0,12.062,0.0,
2023-06-09,91948.98,91948.98,0.0,0,12.062,0.0,
2023-06-12,91948.98,91948.98,0.0,0,12.062,0.0,
2023-06-13,91948.98,91948.98,0.0,0,12.062,0.0,
2023-06-14,91948.98,91948.98,0.0,0,12.062,0.0,
2023-06-15,91948.98,91948.98,0.0,0,12.062,0.0,
2023-06-16,91948.98,91948.98,0.0,0,12.062,0.0,
2023-06-20,91948.98,91948.98,0.0,0,12.062,0.0,
2023-06-21,91948.98,91948.98,0.0,0,12.062,0.0,
2023-06-22,91948.98,91948.98,0.0,0,12.062,0.0,
2023-06-23,91948.98,91948.98,0.0,0,12.062,0.0,
2023-06-26,91948.98,91948.98,0.0,0,12.062,0.0,
2023-06-27,91948.98,91948.98,0.0,0,12.062,0.0,
2023-06-28,91948.98,91948.98,0.0,0,12.062,0.0,
2023-06-29,91948.98,91948.98,0.0,0,12.062,0.0,
2023-06-30,91948.98,91948.98,0.0,0,12.062,0.0,
2023-07-03,91948.98,91948.98,0.0,0,12.062,0.0,
2023-07-05,91948.98,91948.98,0.0,0,12.062,0.0,
2023-07-06,91948.98,91948.98,0.0,0,12.062,0.0,
2023-07-07,91948.98,91948.98,0.0,0,12.062,0.0,
2023-07-10,91948.98,91948.98,0.0,0,12.062,0.0,
2023-07-11,91948.98,91948.98,0.0,0,12.062,0.0,
2023-07-12,91948.98,91948.98,0.0,0,12.062,0.0,
2023-07-13,91948.98,91948.98,0.0,0,12.062,0.0,
2023-07-14,91948.98,91948.98,0.0,0,12.062,0.0,
2023-07-17,91948.98,91948.98,0.0,0,12.062,0.0,
2023-07-18,91948.98,91948.98,0.0,0,12.062,0.0,
2023-07-19,91948.98,91948.98,0.0,0,12.062,0.0,
2023-07-20,91948.98,91948.98,0.0,0,12.062,0.0,
2023-07-21,91948.98,91948.98,0.0,0,12.062,0.0,
2023-07-24,91948.98,91948.98,0.0,0,12.062,0.0,
2023-07-25,91948.98,91948.98,0.0,0,12.062,0.0,
2023-07-26,91948.98,91948.98,0.0,0,12.062,0.0,
2023-07-27,91948.98,91948.98,0.0,0,12.062,0.0,
2023-07-28,91948.98,91948.98,0.0,0,12.062,0.0,
2023-07-31,91948.98,91948.98,0.0,0,12.062,0.0,
2023-08-01,91948.98,91948.98,0.0,0,12.062,0.0,
2023-08-02,91948.98,91948.98,0.0,0,12.062,0.0,
2023-08-03,91948.98,91948.98,0.0,0,12.062,0.0,
2023-08-04,91948.98,91948.98,0.0,0,12.062,0.0,
2023-08-07,91948.98,91948.98,0.0,0,12.062,0.0,
2023-08-08,91948.98,91948.98,0.0,0,12.062,0.0,
2023-08-09,91948.98,91948.98,0.0,0,12.062,0.0,
2023-08-10,91948.98,91948.98,0.0,0,12.062,0.0,
2023-08-11,91948.98,91948.98,0.0,0,12.062,0.0,
2023-08-14,91948.98,91948.98,0.0,0,12.062,0.0,
2023-08-15,91948.98,91948.98,0.0,0,12.062,0.0,
2023-08-16,91948.98,91948.98,0.0,0,12.062,0.0,
2023-08-17,91948.98,91948.98,0.0,0,12.062,0.0,
2023-08-18,91948.98,91948.98,0.0,0,12.062,0.0,
2023-08-21,91948.98,91948.98,0.0,0,12.062,0.0,
2023-08-22,91948.98,91948.98,0.0,0,12.062,0.0,
2023-08-23,91948.98,91948.98,0.0,0,12.062,0.0,
2023-08-24,91948.98,91948.98,0.0,0,12.062,0.0,
2023-08-25,91948.98,91948.98,0.0,0,12.062,0.0,
2023-08-28,91948.98,91948.98,0.0,0,12.062,0.0,
2023-08-29,91948.98,91948.98,0.0,0,12.062,0.0,
2023-08-30,91948.98,91948.98,0.0,0,12.062,0.0,
2023-08-31,91948.98,91948.98,0.0,0,12.062,0.0,
2023-09-01,91948.98,91948.98,0.0,0,12.062,0.0,
2023-09-05,91948.98,91948.98,0.0,0,12.062,0.0,
2023-09-06,91948.98,91948.98,0.0,0,12.062,0.0,
2023-09-07,91948.98,91948.98,0.0,0,12.062,0.0,
2023-09-08,91948.98,91948.98,0.0,0,12.062,0.0,
2023-09-11,91948.98,91948.98,0.0,0,12.062,0.0,
2023-09-12,91948.98,91948.98,0.0,0,12.062,0.0,
2023-09-13,91948.98,91948.98,0.0,0,12.062,0.0,
2023-09-14,91948.98,91948.98,0.0,0,12.062,0.0,
2023-09-15,91948.98,91948.98,0.0,0,12.062,0.0,
2023-09-18,91948.98,91948.98,0.0,0,12.062,0.0,
2023-09-19,91948.98,91948.98,0.0,0,12.062,0.0,
2023-09-20,91948.98,91948.98,0.0,0,12.062,0.0,
2023-09-21,91948.98,91948.98,0.0,0,12.062,0.0,
2023-09-22,91948.98,91948.98,0.0,0,12.062,0.0,
2023-09-25,91948.98,91948.98,0.0,0,12.062,0.0,
2023-09-26,91948.98,91948.98,0.0,0,12.062,0.0,
2023-09-27,91948.98,91948.98,0.0,0,12.062,0.0,
2023-09-28,91948.98,91948.98,0.0,0,12.062,0.0,
2023-09-29,91948.98,91948.98,0.0,0,12.062,0.0,
2023-10-02,91948.98,91948.98,0.0,0,12.062,0.0,
2023-10-03,91948.98,91948.98,0.0,0,12.062,0.0,
2023-10-04,91948.98,91948.98,0.0,0,12.062,0.0,
2023-10-05,91948.98,91948.98,0.0,0,12.062,0.0,
2023-10-06,91948.98,91948.98,0.0,0,12.062,0.0,
2023-10-09,91948.98,91948.98,0.0,0,12.062,0.0,
2023-10-10,91948.98,91948.98,0.0,0,12.062,0.0,
2023-10-11,91948.98,91948.98,0.0,0,12.062,0.0,
2023-10-12,91948.98,91948.98,0.0,0,12.062,0.0,
2023-10-13,91948.98,91948.98,0.0,0,12.062,0.0,
2023-10-16,91948.98,91948.98,0.0,0,12.062,0.0,
2023-10-17,91948.98,91948.98,0.0,0,12.062,0.0,
2023-10-18,91948.98,91948.98,0.0,0,12.062,0.0,
2023-10-19,91948.98,91948.98,0.0,0,12.062,0.0,
2023-10-20,91948.98,91948.98,0.0,0,12.062,0.0,
2023-10-23,91948.98,91948.98,0.0,0,12.062,0.0,
2023-10-24,91948.98,91948.98,0.0,0,12.062,0.0,
2023-10-25,91948.98,91948.98,0.0,0,12.062,0.0,
2023-10-26,91948.98,91948.98,0.0,0,12.062,0.0,
2023-10-27,91948.98,91948.98,0.0,0,12.062,0.0,
2023-10-30,91948.98,91948.98,0.0,0,12.062,0.0,
2023-10-31,91948.98,91948.98,0.0,0,12.062,0.0,
2023-11-01,91948.98,91948.98,0.0,0,12.062,0.0,
2023-11-02,91948.98,91948.98,0.0,0,12.062,0.0,
2023-11-03,91948.98,91948.98,0.0,0,12.062,0.0,
2023-11-06,91948.98,91948.98,0.0,0,12.062,0.0,
2023-11-07,91948.98,91948.98,0.0,0,12.062,0.0,
2023-11-08,91948.98,91948.98,0.0,0,12.062,0.0,
2023-11-09,91948.98,91948.98,0.0,0,12.062,0.0,
2023-11-10,91948.98,91948.98,0.0,0,12.062,0.0,
2023-11-13,91948.98,91948.98,0.0,0,12.062,0.0,
2023-11-14,91948.98,91948.98,0.0,0,12.062,0.0,
2023-11-15,91948.98,91948.98,0.0,0,12.062,0.0,
2023-11-16,91948.98,91948.98,0.0,0,12.062,0.0,
2023-11-17,91948.98,91948.98,0.0,0,12.062,0.0,
2023-11-20,91948.98,91948.98,0.0,0,12.062,0.0,
2023-11-21,91948.98,91948.98,0.0,0,12.062,0.0,
2023-11-22,91948.98,91948.98,0.0,0,12.062,0.0,
2023-11-24,91948.98,91948.98,0.0,0,12.062,0.0,
2023-11-27,91948.98,91948.98,0.0,0,12.062,0.0,
2023-11-28,91948.98,91948.98,0.0,0,12.062,0.0,
2023-11-29,91948.98,91948.98,0.0,0,12.062,0.0,
2023-11-30,91948.98,91948.98,0.0,0,12.062,0.0,
2023-12-01,91948.98,91948.98,0.0,0,12.062,0.0,
2023-12-04,91948.98,91948.98,0.0,0,12.062,0.0,
2023-12-05,91948.98,91948.98,0.0,0,12.062,0.0,
2023-12-06,91948.98,91948.98,0.0,0,12.062,0.0,
2023-12-07,91948.98,91948.98,0.0,0,12.062,0.0,
2023-12-08,91948.98,91948.98,0.0,0,12.062,0.0,
2023-12-11,91948.98,91948.98,0.0,0,12.062,0.0,
2023-12-12,91948.98,91948.98,0.0,0,12.062,0.0,
2023-12-13,91948.98,91948.98,0.0,0,12.062,0.0,
2023-12-14,91948.98,91948.98,0.0,0,12.062,0.0,
2023-12-15,91948.98,91948.98,0.0,0,12.062,0.0,
2023-12-18,91948.98,91948.98,0.0,0,12.062,0.0,
2023-12-19,91948.98,91948.98,0.0,0,12.062,0.0,
2023-12-20,91948.98,91948.98,0.0,0,12.062,0.0,
2023-12-21,91948.98,91948.98,0.0,0,12.062,0.0,
2023-12-22,91948.98,91948.98,0.0,0,12.062,0.0,
2023-12-26,91948.98,91948.98,0.0,0,12.062,0.0,
2023-12-27,91948.98,91948.98,0.0,0,12.062,0.0,
2023-12-28,91948.98,91948.98,0.0,0,12.062,0.0,
2023-12-29,91948.98,91948.98,0.0,0,12.062,0.0,
2024-01-02,91948.98,91948.98,0.0,0,12.062,0.0,
2024-01-03,91948.98,91948.98,0.0,0,12.062,0.0,
2024-01-04,91948.98,91948.98,0.0,0,12.062,0.0,
2024-01-05,91948.98,91948.98,0.0,0,12.062,0.0,
2024-01-08,91948.98,91948.98,0.0,0,12.062,0.0,
2024-01-09,91948.98,91948.98,0.0,0,12.062,0.0,
2024-01-10,91948.98,91948.98,0.0,0,12.062,0.0,
2024-01-11,91948.98,91948.98,0.0,0,12.062,0.0,
2024-01-12,91948.98,91948.98,0.0,0,12.062,0.0,
2024-01-16,91948.98,91948.98,0.0,0,12.062,0.0,
2024-01-17,91948.98,91948.98,0.0,0,12.062,0.0,
2024-01-18,91948.98,91948.98,0.0,0,12.062,0.0,
2024-01-19,91948.98,91948.98,0.0,0,12.062,0.0,
2024-01-22,91948.98,91948.98,0.0,0,12.062,0.0,
2024-01-23,91948.98,91948.98,0.0,0,12.062,0.0,
2024-01-24,91948.98,91948.98,0.0,0,12.062,0.0,
2024-01-25,91948.98,91948.98,0.0,0,12.062,0.0,
2024-01-26,91948.98,91948.98,0.0,0,12.062,0.0,
2024-01-29,91948.98,91948.98,0.0,0,12.062,0.0,
2024-01-30,91948.98,91948.98,0.0,0,12.062,0.0,
2024-01-31,91948.98,91948.98,0.0,0,12.062,0.0,
2024-02-01,91948.98,91948.98,0.0,0,12.062,0.0,
2024-02-02,91948.98,91948.98,0.0,0,12.062,0.0,
2024-02-05,91948.98,91948.98,0.0,0,12.062,0.0,
2024-02-06,91948.98,91948.98,0.0,0,12.062,0.0,
2024-02-07,91948.98,91948.98,0.0,0,12.062,0.0,
2024-02-08,91948.98,91948.98,0.0,0,12.062,0.0,
2024-02-09,91948.98,91948.98,0.0,0,12.062,0.0,
2024-02-12,91948.98,91948.98,0.0,0,12.062,0.0,
2024-02-13,91948.98,91948.98,0.0,0,12.062,0.0,
2024-02-14,91948.98,91948.98,0.0,0,12.062,0.0,
2024-02-15,91948.98,91948.98,0.0,0,12.062,0.0,
2024-02-16,91948.98,91948.98,0.0,0,12.062,0.0,
2024-02-20,91948.98,91948.98,0.0,0,12.062,0.0,
2024-02-21,91948.98,91948.98,0.0,0,12.062,0.0,
2024-02-22,91948.98,91948.98,0.0,0,12.062,0.0,
2024-02-23,91948.98,91948.98,0.0,0,12.062,0.0,
2024-02-26,91948.98,91948.98,0.0,0,12.062,0.0,
2024-02-27,91948.98,91948.98,0.0,0,12.062,0.0,
2024-02-28,91948.98,91948.98,0.0,0,12.062,0.0,
2024-02-29,91948.98,91948.98,0.0,0,12.062,0.0,
2024-03-01,91948.98,91948.98,0.0,0,12.062,0.0,
2024-03-04,91948.98,91948.98,0.0,0,12.062,0.0,
2024-03-05,91948.98,91948.98,0.0,0,12.062,0.0,
2024-03-06,91948.98,91948.98,0.0,0,12.062,0.0,
2024-03-07,91948.98,91948.98,0.0,0,12.062,0.0,
2024-03-08,91948.98,91948.98,0.0,0,12.062,0.0,
2024-03-11,91948.98,91948.98,0.0,0,12.062,0.0,
2024-03-12,91948.98,91948.98,0.0,0,12.062,0.0,
2024-03-13,91948.98,91948.98,0.0,0,12.062,0.0,
2024-03-14,91948.98,91948.98,0.0,0,12.062,0.0,
2024-03-15,91948.98,91948.98,0.0,0,12.062,0.0,
2024-03-18,91948.98,91948.98,0.0,0,12.062,0.0,
2024-03-19,91948.98,91948.98,0.0,0,12.062,0.0,
2024-03-20,91948.98,91948.98,0.0,0,12.062,0.0,
2024-03-21,91948.98,91948.98,0.0,0,12.062,0.0,
2024-03-22,91948.98,91948.98,0.0,0,12.062,0.0,
2024-03-25,91948.98,91948.98,0.0,0,12.062,0.0,
2024-03-26,91948.98,91948.98,0.0,0,12.062,0.0,
2024-03-27,91948.98,91948.98,0.0,0,12.062,0.0,
2024-03-28,91948.98,91948.98,0.0,0,12.062,0.0,
2024-04-01,91948.98,91948.98,0.0,0,12.062,0.0,
2024-04-02,91948.98,91948.98,0.0,0,12.062,0.0,
2024-04-03,91948.98,91948.98,0.0,0,12.062,0.0,
2024-04-04,91948.98,91948.98,0.0,0,12.062,0.0,
2024-04-05,91948.98,91948.98,0.0,0,12.062,0.0,
2024-04-08,91948.98,91948.98,0.0,0,12.062,0.0,
2024-04-09,91948.98,91948.98,0.0,0,12.062,0.0,
2024-04-10,91948.98,91948.98,0.0,0,12.062,0.0,
2024-04-11,91948.98,91948.98,0.0,0,12.062,0.0,
2024-04-12,91948.98,91948.98,0.0,0,12.062,0.0,
2024-04-15,91948.98,91948.98,0.0,0,12.062,0.0,
2024-04-16,91948.98,91948.98,0.0,0,12.062,0.0,
2024-04-17,91948.98,91948.98,0.0,0,12.062,0.0,
2024-04-18,91948.98,91948.98,0.0,0,12.062,0.0,
2024-04-19,91948.98,91948.98,0.0,0,12.062,0.0,
2024-04-22,91948.98,91948.98,0.0,0,12.062,0.0,
2024-04-23,91948.98,91948.98,0.0,0,12.062,0.0,
2024-04-24,91948.98,91948.98,0.0,0,12.062,0.0,
2024-04-25,91948.98,91948.98,0.0,0,12.062,0.0,
2024-04-26,91948.98,91948.98,0.0,0,12.062,0.0,
2024-04-29,91948.98,91948.98,0.0,0,12.062,0.0,
2024-04-30,91948.98,91948.98,0.0,0,12.062,0.0,
2024-05-01,91948.98,91948.98,0.0,0,12.062,0.0,
2024-05-02,91948.98,91948.98,0.0,0,12.062,0.0,
2024-05-03,91948.98,91948.98,0.0,0,12.062,0.0,
2024-05-06,91948.98,91948.98,0.0,0,12.062,0.0,
2024-05-07,91948.98,91948.98,0.0,0,12.062,0.0,
2024-05-08,91948.98,91948.98,0.0,0,12.062,0.0,
2024-05-09,91948.98,91948.98,0.0,0,12.062,0.0,
2024-05-10,91948.98,91948.98,0.0,0,12.062,0.0,
2024-05-13,91948.98,91948.98,0.0,0,12.062,0.0,
2024-05-14,91948.98,91948.98,0.0,0,12.062,0.0,
2024-05-15,91948.98,91948.98,0.0,0,12.062,0.0,
2024-05-16,91948.98,91948.98,0.0,0,12.062,0.0,
2024-05-17,91948.98,91948.98,0.0,0,12.062,0.0,
2024-05-20,91948.98,91948.98,0.0,0,12.062,0.0,
2024-05-21,91948.98,91948.98,0.0,0,12.062,0.0,
2024-05-22,91948.98,91948.98,0.0,0,12.062,0.0,
2024-05-23,91948.98,91948.98,0.0,0,12.062,0.0,
2024-05-24,91948.98,91948.98,0.0,0,12.062,0.0,
2024-05-28,91948.98,91948.98,0.0,0,12.062,0.0,
2024-05-29,91948.98,91948.98,0.0,0,12.062,0.0,
2024-05-30,91948.98,91948.98,0.0,0,12.062,0.0,
2024-05-31,91948.98,91948.98,0.0,0,12.062,0.0,
2024-06-03,91948.98,91948.98,0.0,0,12.062,0.0,
2024-06-04,91948.98,91948.98,0.0,0,12.062,0.0,
2024-06-05,91948.98,91948.98,0.0,0,12.062,0.0,
2024-06-06,91948.98,91948.98,0.0,0,12.062,0.0,
2024-06-07,91948.98,91948.98,0.0,0,12.062,0.0,
2024-06-10,91948.98,91948.98,0.0,0,12.062,0.0,
2024-06-11,91948.98,91948.98,0.0,0,12.062,0.0,
2024-06-12,91948.98,91948.98,0.0,0,12.062,0.0,
2024-06-13,91948.98,91948.98,0.0,0,12.062,0.0,
2024-06-14,91948.98,91948.98,0.0,0,12.062,0.0,
2024-06-17,91948.98,91948.98,0.0,0,12.062,0.0,
2024-06-18,91948.98,91948.98,0.0,0,12.062,0.0,
2024-06-20,91948.98,91948.98,0.0,0,12.062,0.0,
2024-06-21,91948.98,91948.98,0.0,0,12.062,0.0,
2024-06-24,91948.98,91948.98,0.0,0,12.062,0.0,
2024-06-25,91948.98,91948.98,0.0,0,12.062,0.0,
2024-06-26,91948.98,91948.98,0.0,0,12.062,0.0,
2024-06-27,91948.98,91948.98,0.0,0,12.062,0.0,
2024-06-28,91948.98,91948.98,0.0,0,12.062,0.0,
2024-07-01,91948.98,91948.98,0.0,0,12.062,0.0,
2024-07-02,91948.98,91948.98,0.0,0,12.062,0.0,
2024-07-03,91948.98,91948.98,0.0,0,12.062,0.0,
2024-07-05,91948.98,91948.98,0.0,0,12.062,0.0,
2024-07-08,91948.98,91948.98,0.0,0,12.062,0.0,
2024-07-09,91948.98,91948.98,0.0,0,12.062,0.0,
2024-07-10,91948.98,91948.98,0.0,0,12.062,0.0,
2024-07-11,91948.98,91948.98,0.0,0,12.062,0.0,
2024-07-12,91948.98,91948.98,0.0,0,12.062,0.0,
2024-07-15,91948.98,91948.98,0.0,0,12.062,0.0,
2024-07-16,91948.98,91948.98,0.0,0,12.062,0.0,
2024-07-17,91948.98,91948.98,0.0,0,12.062,0.0,
2024-07-18,91948.98,91948.98,0.0,0,12.062,0.0,
2024-07-19,91948.98,91948.98,0.0,0,12.062,0.0,
2024-07-22,91948.98,91948.98,0.0,0,12.062,0.0,
2024-07-23,91948.98,91948.98,0.0,0,12.062,0.0,
2024-07-24,91948.98,91948.98,0.0,0,12.062,0.0,
2024-07-25,91948.98,91948.98,0.0,0,12.062,0.0,
2024-07-26,91948.98,91948.98,0.0,0,12.062,0.0,
2024-07-29,91948.98,91948.98,0.0,0,12.062,0.0,
2024-07-30,91948.98,91948.98,0.0,0,12.062,0.0,
2024-07-31,91948.98,91948.98,0.0,0,12.062,0.0,
2024-08-01,91948.98,91948.98,0.0,0,12.062,0.0,
2024-08-02,91948.98,91948.98,0.0,0,12.062,0.0,
2024-08-05,91948.98,91948.98,0.0,0,12.062,0.0,
2024-08-06,91948.98,91948.98,0.0,0,12.062,0.0,
2024-08-07,91948.98,91948.98,0.0,0,12.062,0.0,
2024-08-08,91948.98,91948.98,0.0,0,12.062,0.0,
2024-08-09,91948.98,91948.98,0.0,0,12.062,0.0,
2024-08-12,91948.98,91948.98,0.0,0,12.062,0.0,
2024-08-13,91948.98,91948.98,0.0,0,12.062,0.0,
2024-08-14,91948.98,91948.98,0.0,0,12.062,0.0,
2024-08-15,91948.98,91948.98,0.0,0,12.062,0.0,
2024-08-16,91948.98,91948.98,0.0,0,12.062,0.0,
2024-08-19,91948.98,91948.98,0.0,0,12.062,0.0,
2024-08-20,91948.98,91948.98,0.0,0,12.062,0.0,
2024-08-21,91948.98,91948.98,0.0,0,12.062,0.0,
2024-08-22,91948.98,91948.98,0.0,0,12.062,0.0,
2024-08-23,91948.98,91948.98,0.0,0,12.062,0.0,
2024-08-26,91948.98,91948.98,0.0,0,12.062,0.0,
2024-08-27,91948.98,91948.98,0.0,0,12.062,0.0,
2024-08-28,91948.98,91948.98,0.0,0,12.062,0.0,
2024-08-29,91948.98,91948.98,0.0,0,12.062,0.0,
2024-08-30,91948.98,91948.98,0.0,0,12.062,0.0,
2024-09-03,91948.98,91948.98,0.0,0,12.062,0.0,
2024-09-04,91948.98,91948.98,0.0,0,12.062,0.0,
2024-09-05,91948.98,91948.98,0.0,0,12.062,0.0,
2024-09-06,91948.98,91948.98,0.0,0,12.062,0.0,
2024-09-09,91948.98,91948.98,0.0,0,12.062,0.0,
2024-09-10,91948.98,91948.98,0.0,0,12.062,0.0,
2024-09-11,91948.98,91948.98,0.0,0,12.062,0.0,
2024-09-12,91948.98,91948.98,0.0,0,12.062,0.0,
2024-09-13,91948.98,91948.98,0.0,0,12.062,0.0,
2024-09-16,91948.98,91948.98,0.0,0,12.062,0.0,
2024-09-17,91948.98,91948.98,0.0,0,12.062,0.0,
2024-09-18,91948.98,91948.98,0.0,0,12.062,0.0,
2024-09-19,91948.98,91948.98,0.0,0,12.062,0.0,
2024-09-20,91948.98,91948.98,0.0,0,12.062,0.0,
2024-09-23,91948.98,91948.98,0.0,0,12.062,0.0,
2024-09-24,91948.98,91948.98,0.0,0,12.062,0.0,
2024-09-25,91948.98,91948.98,0.0,0,12.062,0.0,
2024-09-26,91948.98,91948.98,0.0,0,12.062,0.0,
2024-09-27,91948.98,91948.98,0.0,0,12.062,0.0,
2024-09-30,91948.98,91948.98,0.0,0,12.062,0.0,
2024-10-01,91948.98,91948.98,0.0,0,12.062,0.0,
2024-10-02,91948.98,91948.98,0.0,0,12.062,0.0,
2024-10-03,91948.98,91948.98,0.0,0,12.062,0.0,
2024-10-04,91948.98,91948.98,0.0,0,12.062,0.0,
2024-10-07,91948.98,91948.98,0.0,0,12.062,0.0,
2024-10-08,91948.98,91948.98,0.0,0,12.062,0.0,
2024-10-09,91948.98,91948.98,0.0,0,12.062,0.0,
2024-10-10,91948.98,91948.98,0.0,0,12.062,0.0,
2024-10-11,91948.98,91948.98,0.0,0,12.062,0.0,
2024-10-14,91948.98,91948.98,0.0,0,12.062,0.0,
2024-10-15,91948.98,91948.98,0.0,0,12.062,0.0,
2024-10-16,91948.98,91948.98,0.0,0,12.062,0.0,
2024-10-17,91948.98,91948.98,0.0,0,12.062,0.0,
2024-10-18,91948.98,91948.98,0.0,0,12.062,0.0,
2024-10-21,91948.98,91948.98,0.0,0,12.062,0.0,
2024-10-22,91948.98,91948.98,0.0,0,12.062,0.0,
2024-10-23,91948.98,91948.98,0.0,0,12.062,0.0,
2024-10-24,91948.98,91948.98,0.0,0,12.062,0.0,
2024-10-25,91948.98,91948.98,0.0,0,12.062,0.0,
2024-10-28,91948.98,91948.98,0.0,0,12.062,0.0,
2024-10-29,91948.98,91948.98,0.0,0,12.062,0.0,
2024-10-30,91948.98,91948.98,0.0,0,12.062,0.0,
2024-10-31,91948.98,91948.98,0.0,0,12.062,0.0,
2024-11-01,91948.98,91948.98,0.0,0,12.062,0.0,
2024-11-04,91948.98,91948.98,0.0,0,12.062,0.0,
2024-11-05,91948.98,91948.98,0.0,0,12.062,0.0,
2024-11-06,91948.98,91948.98,0.0,0,12.062,0.0,
2024-11-07,91948.98,91948.98,0.0,0,12.062,0.0,
2024-11-08,91948.98,91948.98,0.0,0,12.062,0.0,
2024-11-11,91948.98,91948.98,0.0,0,12.062,0.0,
2024-11-12,91948.98,91948.98,0.0,0,12.062,0.0,
2024-11-13,91948.98,91948.98,0.0,0,12.062,0.0,
2024-11-14,91948.98,91948.98,0.0,0,12.062,0.0,
2024-11-15,91948.98,91948.98,0.0,0,12.062,0.0,
2024-11-18,91948.98,91948.98,0.0,0,12.062,0.0,
2024-11-19,91948.98,91948.98,0.0,0,12.062,0.0,
2024-11-20,91948.98,91948.98,0.0,0,12.062,0.0,
2024-11-21,91948.98,91948.98,0.0,0,12.062,0.0,
2024-11-22,91948.98,91948.98,0.0,0,12.062,0.0,
2024-11-25,91948.98,91948.98,0.0,0,12.062,0.0,
2024-11-26,91948.98,91948.98,0.0,0,12.062,0.0,
2024-11-27,91948.98,91948.98,0.0,0,12.062,0.0,
2024-11-29,91948.98,91948.98,0.0,0,12.062,0.0,
2024-12-02,91948.98,91948.98,0.0,0,12.062,0.0,
2024-12-03,91948.98,91948.98,0.0,0,12.062,0.0,
2024-12-04,91948.98,91948.98,0.0,0,12.062,0.0,
2024-12-05,91948.98,91948.98,0.0,0,12.062,0.0,
2024-12-06,91948.98,91948.98,0.0,0,12.062,0.0,
2024-12-09,91948.98,91948.98,0.0,0,12.062,0.0,
2024-12-10,91948.98,91948.98,0.0,0,12.062,0.0,
2024-12-11,91948.98,91948.98,0.0,0,12.062,0.0,
2024-12-12,91948.98,91948.98,0.0,0,12.062,0.0,
2024-12-13,91948.98,91948.98,0.0,0,12.062,0.0,
2024-12-16,91948.98,91948.98,0.0,0,12.062,0.0,
2024-12-17,91948.98,91948.98,0.0,0,12.062,0.0,
2024-12-18,91948.98,91948.98,0.0,0,12.062,0.0,
2024-12-19,91948.98,91948.98,0.0,0,12.062,0.0,
2024-12-20,91948.98,91948.98,0.0,0,12.062,0.0,
2024-12-23,91948.98,91948.98,0.0,0,12.062,0.0,
2024-12-24,91948.98,91948.98,0.0,0,12.062,0.0,
2024-12-26,91948.98,91948.98,0.0,0,12.062,0.0,
2024-12-27,91948.98,91948.98,0.0,0,12.062,0.0,
2024-12-30,91948.98,91948.98,0.0,0,12.062,0.0,
2024-12-31,91948.98,91948.98,0.0,0,12.062,0.0,
